[1m[33mwarning[0m: profiles for the non root package will be ignored, specify profiles at the workspace root:
package:   /home/runner/work/_temp/microbit-motion-ab-36715551022-1/baseline/examples/h735-telematics-lab/Cargo.toml
workspace: /home/runner/work/_temp/microbit-motion-ab-36715551022-1/baseline/Cargo.toml
[1m[33mwarning[0m: profiles for the non root package will be ignored, specify profiles at the workspace root:
package:   /home/runner/work/_temp/microbit-motion-ab-36715551022-1/baseline/examples/rc-oscilloscope-lab/Cargo.toml
workspace: /home/runner/work/_temp/microbit-motion-ab-36715551022-1/baseline/Cargo.toml
[1m[33mwarning[0m: profiles for the non root package will be ignored, specify profiles at the workspace root:
package:   /home/runner/work/_temp/microbit-motion-ab-36715551022-1/baseline/examples/tier1-fixture/nrf52832/Cargo.toml
workspace: /home/runner/work/_temp/microbit-motion-ab-36715551022-1/baseline/Cargo.toml
[1m[33mwarning[0m: profiles for the non root package will be ignored, specify profiles at the workspace root:
package:   /home/runner/work/_temp/microbit-motion-ab-36715551022-1/baseline/examples/tier1-fixture/nrf52840/Cargo.toml
workspace: /home/runner/work/_temp/microbit-motion-ab-36715551022-1/baseline/Cargo.toml
[1m[33mwarning[0m: profiles for the non root package will be ignored, specify profiles at the workspace root:
package:   /home/runner/work/_temp/microbit-motion-ab-36715551022-1/baseline/examples/tier1-fixture/rp2040/Cargo.toml
workspace: /home/runner/work/_temp/microbit-motion-ab-36715551022-1/baseline/Cargo.toml
[1m[92m    Updating[0m crates.io index
[1m[92m Downloading[0m crates ...
[1m[92m  Downloaded[0m anstyle-query v1.1.5
[1m[92m  Downloaded[0m adler2 v2.0.1
[1m[92m  Downloaded[0m anstyle-parse v1.0.0
[1m[92m  Downloaded[0m arrayvec v0.7.6
[1m[92m  Downloaded[0m addr2line v0.21.0
[1m[92m  Downloaded[0m anyhow v1.0.102
[1m[92m  Downloaded[0m digest v0.10.7
[1m[92m  Downloaded[0m fallible-iterator v0.3.0
[1m[92m  Downloaded[0m anstream v1.0.0
[1m[92m  Downloaded[0m ecdsa v0.16.9
[1m[92m  Downloaded[0m anstyle v1.0.14
[1m[92m  Downloaded[0m group v0.13.0
[1m[92m  Downloaded[0m ena v0.14.4
[1m[92m  Downloaded[0m find-msvc-tools v0.1.9
[1m[92m  Downloaded[0m fixedbitset v0.4.2
[1m[92m  Downloaded[0m scroll_derive v0.11.1
[1m[92m  Downloaded[0m scopeguard v1.2.0
[1m[92m  Downloaded[0m generic-array v0.14.7
[1m[92m  Downloaded[0m dirs-sys-next v0.1.2
[1m[92m  Downloaded[0m elliptic-curve v0.13.8
[1m[92m  Downloaded[0m roxmltree v0.20.0
[1m[92m  Downloaded[0m itoa v1.0.18
[1m[92m  Downloaded[0m crypto-common v0.1.7
[1m[92m  Downloaded[0m cpufeatures v0.2.17
[1m[92m  Downloaded[0m pio-parser v0.2.2
[1m[92m  Downloaded[0m memmap2 v0.5.10
[1m[92m  Downloaded[0m version_check v0.9.5
[1m[92m  Downloaded[0m plain v0.2.3
[1m[92m  Downloaded[0m is-terminal v0.4.17
[1m[92m  Downloaded[0m block-buffer v0.10.4
[1m[92m  Downloaded[0m utf8parse v0.2.2
[1m[92m  Downloaded[0m unicode-xid v0.2.6
[1m[92m  Downloaded[0m wat v1.250.0
[1m[92m  Downloaded[0m base16ct v0.2.0
[1m[92m  Downloaded[0m ascii-canvas v3.0.0
[1m[92m  Downloaded[0m scroll v0.11.0
[1m[92m  Downloaded[0m bit-set v0.5.3
[1m[92m  Downloaded[0m subtle v2.6.1
[1m[92m  Downloaded[0m parking_lot v0.12.5
[1m[92m  Downloaded[0m num_enum_derive v0.5.11
[1m[92m  Downloaded[0m ff v0.13.1
[1m[92m  Downloaded[0m strsim v0.11.1
[1m[92m  Downloaded[0m siphasher v1.0.3
[1m[92m  Downloaded[0m bit-vec v0.6.3
[1m[92m  Downloaded[0m bincode v1.3.3
[1m[92m  Downloaded[0m tiny-keccak v2.0.2
[1m[92m  Downloaded[0m quote v1.0.45
[1m[92m  Downloaded[0m pio v0.2.1
[1m[92m  Downloaded[0m twox-hash v1.6.3
[1m[92m  Downloaded[0m diff v0.1.13
[1m[92m  Downloaded[0m pin-project-lite v0.2.17
[1m[92m  Downloaded[0m zeroize v1.8.2
[1m[92m  Downloaded[0m string_cache v0.8.9
[1m[92m  Downloaded[0m sec1 v0.7.3
[1m[92m  Downloaded[0m shlex v1.3.0
[1m[92m  Downloaded[0m sha2 v0.10.9
[1m[92m  Downloaded[0m zmij v1.0.21
[1m[92m  Downloaded[0m svd-rs v0.14.12
[1m[92m  Downloaded[0m svd-parser v0.14.9
[1m[92m  Downloaded[0m smallvec v1.15.1
[1m[92m  Downloaded[0m serde_core v1.0.228
[1m[92m  Downloaded[0m unicode-ident v1.0.24
[1m[92m  Downloaded[0m serde_yaml v0.9.34+deprecated
[1m[92m  Downloaded[0m unsafe-libyaml v0.2.11
[1m[92m  Downloaded[0m wasm-encoder v0.250.0
[1m[92m  Downloaded[0m typenum v1.20.0
[1m[92m  Downloaded[0m serde v1.0.228
[1m[92m  Downloaded[0m object v0.32.2
[1m[92m  Downloaded[0m wast v250.0.0
[1m[92m  Downloaded[0m serde_json v1.0.149
[1m[92m  Downloaded[0m regex-syntax v0.8.10
[1m[92m  Downloaded[0m regex-syntax v0.6.29
[1m[92m  Downloaded[0m lalrpop v0.19.12
[1m[92m  Downloaded[0m unicode-width v0.2.2
[1m[92m  Downloaded[0m syn v1.0.109
[1m[92m  Downloaded[0m syn v2.0.117
[1m[92m  Downloaded[0m tracing v0.1.44
[1m[92m  Downloaded[0m serde_derive v1.0.228
[1m[92m  Downloaded[0m clap_builder v4.6.0
[1m[92m  Downloaded[0m tracing-core v0.1.36
[1m[92m  Downloaded[0m term v0.7.0
[1m[92m  Downloaded[0m libm v0.2.16
[1m[92m  Downloaded[0m gimli v0.28.1
[1m[92m  Downloaded[0m ryu v1.0.23
[1m[92m  Downloaded[0m hashbrown v0.17.1
[1m[92m  Downloaded[0m goblin v0.7.1
[1m[92m  Downloaded[0m regex v1.12.3
[1m[92m  Downloaded[0m itertools v0.10.5
[1m[92m  Downloaded[0m regex-automata v0.4.14
[1m[92m  Downloaded[0m crypto-bigint v0.5.5
[1m[92m  Downloaded[0m petgraph v0.6.5
[1m[92m  Downloaded[0m wasmparser v0.250.0
[1m[92m  Downloaded[0m libc v0.2.186
[1m[92m  Downloaded[0m cc v1.2.62
[1m[92m  Downloaded[0m bumpalo v3.20.2
[1m[92m  Downloaded[0m tracing-attributes v0.1.31
[1m[92m  Downloaded[0m memchr v2.8.0
[1m[92m  Downloaded[0m indexmap v2.14.0
[1m[92m  Downloaded[0m der v0.7.10
[1m[92m  Downloaded[0m semver v1.0.28
[1m[92m  Downloaded[0m proc-macro2 v1.0.106
[1m[92m  Downloaded[0m p256 v0.13.2
[1m[92m  Downloaded[0m derive_more v0.99.20
[1m[92m  Downloaded[0m thiserror v1.0.69
[1m[92m  Downloaded[0m static_assertions v1.1.0
[1m[92m  Downloaded[0m simd-adler32 v0.3.9
[1m[92m  Downloaded[0m signature v2.2.0
[1m[92m  Downloaded[0m ruzstd v0.5.0
[1m[92m  Downloaded[0m once_cell v1.21.4
[1m[92m  Downloaded[0m miniz_oxide v0.8.9
[1m[92m  Downloaded[0m memmap2 v0.9.10
[1m[92m  Downloaded[0m log v0.4.29
[1m[92m  Downloaded[0m flate2 v1.1.9
[1m[92m  Downloaded[0m bitflags v2.11.1
[1m[92m  Downloaded[0m thiserror-impl v1.0.69
[1m[92m  Downloaded[0m lock_api v0.4.14
[1m[92m  Downloaded[0m cpp_demangle v0.4.5
[1m[92m  Downloaded[0m const-oid v0.9.6
[1m[92m  Downloaded[0m clap_derive v4.6.1
[1m[92m  Downloaded[0m clap v4.6.1
[1m[92m  Downloaded[0m parking_lot_core v0.9.12
[1m[92m  Downloaded[0m crc32fast v1.5.0
[1m[92m  Downloaded[0m paste v1.0.15
[1m[92m  Downloaded[0m hmac v0.12.1
[1m[92m  Downloaded[0m stable_deref_trait v1.2.1
[1m[92m  Downloaded[0m rustc-demangle v0.1.27
[1m[92m  Downloaded[0m rand_core v0.6.4
[1m[92m  Downloaded[0m human-size v0.4.3
[1m[92m  Downloaded[0m byteorder v1.5.0
[1m[92m  Downloaded[0m primeorder v0.13.6
[1m[92m  Downloaded[0m num_enum v0.5.11
[1m[92m  Downloaded[0m colorchoice v1.0.5
[1m[92m  Downloaded[0m aho-corasick v1.1.4
[1m[92m  Downloaded[0m either v1.15.0
[1m[92m  Downloaded[0m rfc6979 v0.4.0
[1m[92m  Downloaded[0m precomputed-hash v0.1.1
[1m[92m  Downloaded[0m new_debug_unreachable v1.0.6
[1m[92m  Downloaded[0m lalrpop-util v0.19.12
[1m[92m  Downloaded[0m crunchy v0.2.4
[1m[92m  Downloaded[0m cfg-if v1.0.4
[1m[92m  Downloaded[0m phf_shared v0.11.3
[1m[92m  Downloaded[0m leb128fmt v0.1.0
[1m[92m  Downloaded[0m heck v0.5.0
[1m[92m  Downloaded[0m is_terminal_polyfill v1.70.2
[1m[92m  Downloaded[0m clap_lex v1.1.0
[1m[92m  Downloaded[0m equivalent v1.0.2
[1m[92m  Downloaded[0m dirs-next v2.0.0
[1m[92m   Compiling[0m proc-macro2 v1.0.106
[1m[92m   Compiling[0m unicode-ident v1.0.24
[1m[92m   Compiling[0m quote v1.0.45
[1m[92m   Compiling[0m libc v0.2.186
{"reason":"compiler-artifact","package_id":"registry+https://github.com/rust-lang/crates.io-index#unicode-ident@1.0.24","manifest_path":"/home/runner/.cargo/registry/src/index.crates.io-1949cf8c6b5b557f/unicode-ident-1.0.24/Cargo.toml","target":{"kind":["lib"],"crate_types":["lib"],"name":"unicode_ident","src_path":"/home/runner/.cargo/registry/src/index.crates.io-1949cf8c6b5b557f/unicode-ident-1.0.24/src/lib.rs","edition":"2021","doc":true,"doctest":true,"test":true},"profile":{"opt_level":"0","debuginfo":0,"debug_assertions":false,"overflow_checks":true,"test":false},"features":[],"filenames":["/home/runner/work/_temp/microbit-motion-ab-36715551022-1/target-baseline/release/deps/libunicode_ident-539065f14fe91866.rlib","/home/runner/work/_temp/microbit-motion-ab-36715551022-1/target-baseline/release/deps/libunicode_ident-539065f14fe91866.rmeta"],"executable":null,"fresh":false}
[1m[92m   Compiling[0m version_check v0.9.5
{"reason":"compiler-artifact","package_id":"registry+https://github.com/rust-lang/crates.io-index#version_check@0.9.5","manifest_path":"/home/runner/.cargo/registry/src/index.crates.io-1949cf8c6b5b557f/version_check-0.9.5/Cargo.toml","target":{"kind":["lib"],"crate_types":["lib"],"name":"version_check","src_path":"/home/runner/.cargo/registry/src/index.crates.io-1949cf8c6b5b557f/version_check-0.9.5/src/lib.rs","edition":"2015","doc":true,"doctest":true,"test":true},"profile":{"opt_level":"0","debuginfo":0,"debug_assertions":false,"overflow_checks":true,"test":false},"features":[],"filenames":["/home/runner/work/_temp/microbit-motion-ab-36715551022-1/target-baseline/release/deps/libversion_check-bb5e5a16b4562b48.rlib","/home/runner/work/_temp/microbit-motion-ab-36715551022-1/target-baseline/release/deps/libversion_check-bb5e5a16b4562b48.rmeta"],"executable":null,"fresh":false}
[1m[92m   Compiling[0m generic-array v0.14.7
{"reason":"compiler-artifact","package_id":"registry+https://github.com/rust-lang/crates.io-index#proc-macro2@1.0.106","manifest_path":"/home/runner/.cargo/registry/src/index.crates.io-1949cf8c6b5b557f/proc-macro2-1.0.106/Cargo.toml","target":{"kind":["custom-build"],"crate_types":["bin"],"name":"build-script-build","src_path":"/home/runner/.cargo/registry/src/index.crates.io-1949cf8c6b5b557f/proc-macro2-1.0.106/build.rs","edition":"2021","doc":false,"doctest":false,"test":false},"profile":{"opt_level":"0","debuginfo":0,"debug_assertions":false,"overflow_checks":true,"test":false},"features":["default","proc-macro"],"filenames":["/home/runner/work/_temp/microbit-motion-ab-36715551022-1/target-baseline/release/build/proc-macro2-de18eea4c55c72d0/build-script-build"],"executable":null,"fresh":false}
{"reason":"compiler-artifact","package_id":"registry+https://github.com/rust-lang/crates.io-index#generic-array@0.14.7","manifest_path":"/home/runner/.cargo/registry/src/index.crates.io-1949cf8c6b5b557f/generic-array-0.14.7/Cargo.toml","target":{"kind":["custom-build"],"crate_types":["bin"],"name":"build-script-build","src_path":"/home/runner/.cargo/registry/src/index.crates.io-1949cf8c6b5b557f/generic-array-0.14.7/build.rs","edition":"2015","doc":false,"doctest":false,"test":false},"profile":{"opt_level":"0","debuginfo":0,"debug_assertions":false,"overflow_checks":true,"test":false},"features":["more_lengths","zeroize"],"filenames":["/home/runner/work/_temp/microbit-motion-ab-36715551022-1/target-baseline/release/build/generic-array-26be38e7f9f7d09a/build-script-build"],"executable":null,"fresh":false}
[1m[92m   Compiling[0m zeroize v1.8.2
{"reason":"compiler-artifact","package_id":"registry+https://github.com/rust-lang/crates.io-index#libc@0.2.186","manifest_path":"/home/runner/.cargo/registry/src/index.crates.io-1949cf8c6b5b557f/libc-0.2.186/Cargo.toml","target":{"kind":["custom-build"],"crate_types":["bin"],"name":"build-script-build","src_path":"/home/runner/.cargo/registry/src/index.crates.io-1949cf8c6b5b557f/libc-0.2.186/build.rs","edition":"2021","doc":false,"doctest":false,"test":false},"profile":{"opt_level":"0","debuginfo":0,"debug_assertions":false,"overflow_checks":true,"test":false},"features":["default","std"],"filenames":["/home/runner/work/_temp/microbit-motion-ab-36715551022-1/target-baseline/release/build/libc-99d722c083febe5d/build-script-build"],"executable":null,"fresh":false}
{"reason":"compiler-artifact","package_id":"registry+https://github.com/rust-lang/crates.io-index#quote@1.0.45","manifest_path":"/home/runner/.cargo/registry/src/index.crates.io-1949cf8c6b5b557f/quote-1.0.45/Cargo.toml","target":{"kind":["custom-build"],"crate_types":["bin"],"name":"build-script-build","src_path":"/home/runner/.cargo/registry/src/index.crates.io-1949cf8c6b5b557f/quote-1.0.45/build.rs","edition":"2021","doc":false,"doctest":false,"test":false},"profile":{"opt_level":"0","debuginfo":0,"debug_assertions":false,"overflow_checks":true,"test":false},"features":["default","proc-macro"],"filenames":["/home/runner/work/_temp/microbit-motion-ab-36715551022-1/target-baseline/release/build/quote-e43009726f09241d/build-script-build"],"executable":null,"fresh":false}
{"reason":"build-script-executed","package_id":"registry+https://github.com/rust-lang/crates.io-index#quote@1.0.45","linked_libs":[],"linked_paths":[],"cfgs":[],"env":[],"out_dir":"/home/runner/work/_temp/microbit-motion-ab-36715551022-1/target-baseline/release/build/quote-e5d0c9600b320c0d/out"}
[1m[92m   Compiling[0m typenum v1.20.0
{"reason":"build-script-executed","package_id":"registry+https://github.com/rust-lang/crates.io-index#generic-array@0.14.7","linked_libs":[],"linked_paths":[],"cfgs":["relaxed_coherence"],"env":[],"out_dir":"/home/runner/work/_temp/microbit-motion-ab-36715551022-1/target-baseline/release/build/generic-array-c5688a33e57cc9d9/out"}
{"reason":"build-script-executed","package_id":"registry+https://github.com/rust-lang/crates.io-index#libc@0.2.186","linked_libs":[],"linked_paths":[],"cfgs":["freebsd12"],"env":[],"out_dir":"/home/runner/work/_temp/microbit-motion-ab-36715551022-1/target-baseline/release/build/libc-9575c86ac34c2f7a/out"}
[1m[92m   Compiling[0m memchr v2.8.0
{"reason":"build-script-executed","package_id":"registry+https://github.com/rust-lang/crates.io-index#proc-macro2@1.0.106","linked_libs":[],"linked_paths":[],"cfgs":["wrap_proc_macro","proc_macro_span_location","proc_macro_span_file"],"env":[],"out_dir":"/home/runner/work/_temp/microbit-motion-ab-36715551022-1/target-baseline/release/build/proc-macro2-b0c5bb26b7b13e9d/out"}
{"reason":"compiler-artifact","package_id":"registry+https://github.com/rust-lang/crates.io-index#zeroize@1.8.2","manifest_path":"/home/runner/.cargo/registry/src/index.crates.io-1949cf8c6b5b557f/zeroize-1.8.2/Cargo.toml","target":{"kind":["lib"],"crate_types":["lib"],"name":"zeroize","src_path":"/home/runner/.cargo/registry/src/index.crates.io-1949cf8c6b5b557f/zeroize-1.8.2/src/lib.rs","edition":"2021","doc":true,"doctest":true,"test":true},"profile":{"opt_level":"3","debuginfo":2,"debug_assertions":false,"overflow_checks":true,"test":false},"features":[],"filenames":["/home/runner/work/_temp/microbit-motion-ab-36715551022-1/target-baseline/release/deps/libzeroize-031127a6b20660ba.rlib","/home/runner/work/_temp/microbit-motion-ab-36715551022-1/target-baseline/release/deps/libzeroize-031127a6b20660ba.rmeta"],"executable":null,"fresh":false}
[1m[92m   Compiling[0m subtle v2.6.1
{"reason":"compiler-artifact","package_id":"registry+https://github.com/rust-lang/crates.io-index#subtle@2.6.1","manifest_path":"/home/runner/.cargo/registry/src/index.crates.io-1949cf8c6b5b557f/subtle-2.6.1/Cargo.toml","target":{"kind":["lib"],"crate_types":["lib"],"name":"subtle","src_path":"/home/runner/.cargo/registry/src/index.crates.io-1949cf8c6b5b557f/subtle-2.6.1/src/lib.rs","edition":"2018","doc":true,"doctest":true,"test":true},"profile":{"opt_level":"3","debuginfo":2,"debug_assertions":false,"overflow_checks":true,"test":false},"features":["i128"],"filenames":["/home/runner/work/_temp/microbit-motion-ab-36715551022-1/target-baseline/release/deps/libsubtle-81ea650f2652420e.rlib","/home/runner/work/_temp/microbit-motion-ab-36715551022-1/target-baseline/release/deps/libsubtle-81ea650f2652420e.rmeta"],"executable":null,"fresh":false}
{"reason":"compiler-artifact","package_id":"registry+https://github.com/rust-lang/crates.io-index#proc-macro2@1.0.106","manifest_path":"/home/runner/.cargo/registry/src/index.crates.io-1949cf8c6b5b557f/proc-macro2-1.0.106/Cargo.toml","target":{"kind":["lib"],"crate_types":["lib"],"name":"proc_macro2","src_path":"/home/runner/.cargo/registry/src/index.crates.io-1949cf8c6b5b557f/proc-macro2-1.0.106/src/lib.rs","edition":"2021","doc":true,"doctest":true,"test":true},"profile":{"opt_level":"0","debuginfo":0,"debug_assertions":false,"overflow_checks":true,"test":false},"features":["default","proc-macro"],"filenames":["/home/runner/work/_temp/microbit-motion-ab-36715551022-1/target-baseline/release/deps/libproc_macro2-a986bd26b042e7b8.rlib","/home/runner/work/_temp/microbit-motion-ab-36715551022-1/target-baseline/release/deps/libproc_macro2-a986bd26b042e7b8.rmeta"],"executable":null,"fresh":false}
{"reason":"compiler-artifact","package_id":"registry+https://github.com/rust-lang/crates.io-index#typenum@1.20.0","manifest_path":"/home/runner/.cargo/registry/src/index.crates.io-1949cf8c6b5b557f/typenum-1.20.0/Cargo.toml","target":{"kind":["lib"],"crate_types":["lib"],"name":"typenum","src_path":"/home/runner/.cargo/registry/src/index.crates.io-1949cf8c6b5b557f/typenum-1.20.0/src/lib.rs","edition":"2018","doc":true,"doctest":true,"test":true},"profile":{"opt_level":"3","debuginfo":2,"debug_assertions":false,"overflow_checks":true,"test":false},"features":[],"filenames":["/home/runner/work/_temp/microbit-motion-ab-36715551022-1/target-baseline/release/deps/libtypenum-59c85dc09ec2bf99.rlib","/home/runner/work/_temp/microbit-motion-ab-36715551022-1/target-baseline/release/deps/libtypenum-59c85dc09ec2bf99.rmeta"],"executable":null,"fresh":false}
[1m[92m   Compiling[0m syn v2.0.117
{"reason":"compiler-artifact","package_id":"registry+https://github.com/rust-lang/crates.io-index#quote@1.0.45","manifest_path":"/home/runner/.cargo/registry/src/index.crates.io-1949cf8c6b5b557f/quote-1.0.45/Cargo.toml","target":{"kind":["lib"],"crate_types":["lib"],"name":"quote","src_path":"/home/runner/.cargo/registry/src/index.crates.io-1949cf8c6b5b557f/quote-1.0.45/src/lib.rs","edition":"2021","doc":true,"doctest":true,"test":true},"profile":{"opt_level":"0","debuginfo":0,"debug_assertions":false,"overflow_checks":true,"test":false},"features":["default","proc-macro"],"filenames":["/home/runner/work/_temp/microbit-motion-ab-36715551022-1/target-baseline/release/deps/libquote-546949c70ce0cd78.rlib","/home/runner/work/_temp/microbit-motion-ab-36715551022-1/target-baseline/release/deps/libquote-546949c70ce0cd78.rmeta"],"executable":null,"fresh":false}
{"reason":"compiler-artifact","package_id":"registry+https://github.com/rust-lang/crates.io-index#memchr@2.8.0","manifest_path":"/home/runner/.cargo/registry/src/index.crates.io-1949cf8c6b5b557f/memchr-2.8.0/Cargo.toml","target":{"kind":["lib"],"crate_types":["lib"],"name":"memchr","src_path":"/home/runner/.cargo/registry/src/index.crates.io-1949cf8c6b5b557f/memchr-2.8.0/src/lib.rs","edition":"2021","doc":true,"doctest":true,"test":true},"profile":{"opt_level":"3","debuginfo":2,"debug_assertions":false,"overflow_checks":true,"test":false},"features":["alloc","std"],"filenames":["/home/runner/work/_temp/microbit-motion-ab-36715551022-1/target-baseline/release/deps/libmemchr-fff79992e42386e4.rlib","/home/runner/work/_temp/microbit-motion-ab-36715551022-1/target-baseline/release/deps/libmemchr-fff79992e42386e4.rmeta"],"executable":null,"fresh":false}
{"reason":"compiler-artifact","package_id":"registry+https://github.com/rust-lang/crates.io-index#libc@0.2.186","manifest_path":"/home/runner/.cargo/registry/src/index.crates.io-1949cf8c6b5b557f/libc-0.2.186/Cargo.toml","target":{"kind":["lib"],"crate_types":["lib"],"name":"libc","src_path":"/home/runner/.cargo/registry/src/index.crates.io-1949cf8c6b5b557f/libc-0.2.186/src/lib.rs","edition":"2021","doc":true,"doctest":true,"test":true},"profile":{"opt_level":"0","debuginfo":0,"debug_assertions":false,"overflow_checks":true,"test":false},"features":["default","std"],"filenames":["/home/runner/work/_temp/microbit-motion-ab-36715551022-1/target-baseline/release/deps/liblibc-7e4bbafbb27e4806.rlib","/home/runner/work/_temp/microbit-motion-ab-36715551022-1/target-baseline/release/deps/liblibc-7e4bbafbb27e4806.rmeta"],"executable":null,"fresh":false}
[1m[92m   Compiling[0m const-oid v0.9.6
{"reason":"compiler-artifact","package_id":"registry+https://github.com/rust-lang/crates.io-index#const-oid@0.9.6","manifest_path":"/home/runner/.cargo/registry/src/index.crates.io-1949cf8c6b5b557f/const-oid-0.9.6/Cargo.toml","target":{"kind":["lib"],"crate_types":["lib"],"name":"const_oid","src_path":"/home/runner/.cargo/registry/src/index.crates.io-1949cf8c6b5b557f/const-oid-0.9.6/src/lib.rs","edition":"2021","doc":true,"doctest":true,"test":true},"profile":{"opt_level":"3","debuginfo":2,"debug_assertions":false,"overflow_checks":true,"test":false},"features":[],"filenames":["/home/runner/work/_temp/microbit-motion-ab-36715551022-1/target-baseline/release/deps/libconst_oid-e214757ea2a5d4af.rlib","/home/runner/work/_temp/microbit-motion-ab-36715551022-1/target-baseline/release/deps/libconst_oid-e214757ea2a5d4af.rmeta"],"executable":null,"fresh":false}
[1m[92m   Compiling[0m serde_core v1.0.228
{"reason":"compiler-artifact","package_id":"registry+https://github.com/rust-lang/crates.io-index#generic-array@0.14.7","manifest_path":"/home/runner/.cargo/registry/src/index.crates.io-1949cf8c6b5b557f/generic-array-0.14.7/Cargo.toml","target":{"kind":["lib"],"crate_types":["lib"],"name":"generic_array","src_path":"/home/runner/.cargo/registry/src/index.crates.io-1949cf8c6b5b557f/generic-array-0.14.7/src/lib.rs","edition":"2015","doc":true,"doctest":true,"test":true},"profile":{"opt_level":"3","debuginfo":2,"debug_assertions":false,"overflow_checks":true,"test":false},"features":["more_lengths","zeroize"],"filenames":["/home/runner/work/_temp/microbit-motion-ab-36715551022-1/target-baseline/release/deps/libgeneric_array-4132bcb3b7aea45d.rlib","/home/runner/work/_temp/microbit-motion-ab-36715551022-1/target-baseline/release/deps/libgeneric_array-4132bcb3b7aea45d.rmeta"],"executable":null,"fresh":false}
[1m[92m   Compiling[0m cfg-if v1.0.4
{"reason":"compiler-artifact","package_id":"registry+https://github.com/rust-lang/crates.io-index#cfg-if@1.0.4","manifest_path":"/home/runner/.cargo/registry/src/index.crates.io-1949cf8c6b5b557f/cfg-if-1.0.4/Cargo.toml","target":{"kind":["lib"],"crate_types":["lib"],"name":"cfg_if","src_path":"/home/runner/.cargo/registry/src/index.crates.io-1949cf8c6b5b557f/cfg-if-1.0.4/src/lib.rs","edition":"2018","doc":true,"doctest":true,"test":true},"profile":{"opt_level":"0","debuginfo":0,"debug_assertions":false,"overflow_checks":true,"test":false},"features":[],"filenames":["/home/runner/work/_temp/microbit-motion-ab-36715551022-1/target-baseline/release/deps/libcfg_if-a5b5d7b4a5002703.rlib","/home/runner/work/_temp/microbit-motion-ab-36715551022-1/target-baseline/release/deps/libcfg_if-a5b5d7b4a5002703.rmeta"],"executable":null,"fresh":false}
[1m[92m   Compiling[0m crypto-common v0.1.7
{"reason":"compiler-artifact","package_id":"registry+https://github.com/rust-lang/crates.io-index#serde_core@1.0.228","manifest_path":"/home/runner/.cargo/registry/src/index.crates.io-1949cf8c6b5b557f/serde_core-1.0.228/Cargo.toml","target":{"kind":["custom-build"],"crate_types":["bin"],"name":"build-script-build","src_path":"/home/runner/.cargo/registry/src/index.crates.io-1949cf8c6b5b557f/serde_core-1.0.228/build.rs","edition":"2021","doc":false,"doctest":false,"test":false},"profile":{"opt_level":"0","debuginfo":0,"debug_assertions":false,"overflow_checks":true,"test":false},"features":["result","std"],"filenames":["/home/runner/work/_temp/microbit-motion-ab-36715551022-1/target-baseline/release/build/serde_core-1e3163e45dff2a7d/build-script-build"],"executable":null,"fresh":false}
{"reason":"build-script-executed","package_id":"registry+https://github.com/rust-lang/crates.io-index#serde_core@1.0.228","linked_libs":[],"linked_paths":[],"cfgs":[],"env":[],"out_dir":"/home/runner/work/_temp/microbit-motion-ab-36715551022-1/target-baseline/release/build/serde_core-516b01d1319bd217/out"}
[1m[92m   Compiling[0m block-buffer v0.10.4
{"reason":"compiler-artifact","package_id":"registry+https://github.com/rust-lang/crates.io-index#crypto-common@0.1.7","manifest_path":"/home/runner/.cargo/registry/src/index.crates.io-1949cf8c6b5b557f/crypto-common-0.1.7/Cargo.toml","target":{"kind":["lib"],"crate_types":["lib"],"name":"crypto_common","src_path":"/home/runner/.cargo/registry/src/index.crates.io-1949cf8c6b5b557f/crypto-common-0.1.7/src/lib.rs","edition":"2018","doc":true,"doctest":true,"test":true},"profile":{"opt_level":"3","debuginfo":2,"debug_assertions":false,"overflow_checks":true,"test":false},"features":["std"],"filenames":["/home/runner/work/_temp/microbit-motion-ab-36715551022-1/target-baseline/release/deps/libcrypto_common-a18721b03370eb7e.rlib","/home/runner/work/_temp/microbit-motion-ab-36715551022-1/target-baseline/release/deps/libcrypto_common-a18721b03370eb7e.rmeta"],"executable":null,"fresh":false}
{"reason":"compiler-artifact","package_id":"registry+https://github.com/rust-lang/crates.io-index#cfg-if@1.0.4","manifest_path":"/home/runner/.cargo/registry/src/index.crates.io-1949cf8c6b5b557f/cfg-if-1.0.4/Cargo.toml","target":{"kind":["lib"],"crate_types":["lib"],"name":"cfg_if","src_path":"/home/runner/.cargo/registry/src/index.crates.io-1949cf8c6b5b557f/cfg-if-1.0.4/src/lib.rs","edition":"2018","doc":true,"doctest":true,"test":true},"profile":{"opt_level":"3","debuginfo":2,"debug_assertions":false,"overflow_checks":true,"test":false},"features":[],"filenames":["/home/runner/work/_temp/microbit-motion-ab-36715551022-1/target-baseline/release/deps/libcfg_if-f510ae2cd788c9cc.rlib","/home/runner/work/_temp/microbit-motion-ab-36715551022-1/target-baseline/release/deps/libcfg_if-f510ae2cd788c9cc.rmeta"],"executable":null,"fresh":false}
{"reason":"compiler-artifact","package_id":"registry+https://github.com/rust-lang/crates.io-index#block-buffer@0.10.4","manifest_path":"/home/runner/.cargo/registry/src/index.crates.io-1949cf8c6b5b557f/block-buffer-0.10.4/Cargo.toml","target":{"kind":["lib"],"crate_types":["lib"],"name":"block_buffer","src_path":"/home/runner/.cargo/registry/src/index.crates.io-1949cf8c6b5b557f/block-buffer-0.10.4/src/lib.rs","edition":"2018","doc":true,"doctest":true,"test":true},"profile":{"opt_level":"3","debuginfo":2,"debug_assertions":false,"overflow_checks":true,"test":false},"features":[],"filenames":["/home/runner/work/_temp/microbit-motion-ab-36715551022-1/target-baseline/release/deps/libblock_buffer-e52c3f3abe0dab58.rlib","/home/runner/work/_temp/microbit-motion-ab-36715551022-1/target-baseline/release/deps/libblock_buffer-e52c3f3abe0dab58.rmeta"],"executable":null,"fresh":false}
[1m[92m   Compiling[0m digest v0.10.7
{"reason":"compiler-artifact","package_id":"registry+https://github.com/rust-lang/crates.io-index#memchr@2.8.0","manifest_path":"/home/runner/.cargo/registry/src/index.crates.io-1949cf8c6b5b557f/memchr-2.8.0/Cargo.toml","target":{"kind":["lib"],"crate_types":["lib"],"name":"memchr","src_path":"/home/runner/.cargo/registry/src/index.crates.io-1949cf8c6b5b557f/memchr-2.8.0/src/lib.rs","edition":"2021","doc":true,"doctest":true,"test":true},"profile":{"opt_level":"0","debuginfo":0,"debug_assertions":false,"overflow_checks":true,"test":false},"features":["alloc","default","std"],"filenames":["/home/runner/work/_temp/microbit-motion-ab-36715551022-1/target-baseline/release/deps/libmemchr-97359488fe59075b.rlib","/home/runner/work/_temp/microbit-motion-ab-36715551022-1/target-baseline/release/deps/libmemchr-97359488fe59075b.rmeta"],"executable":null,"fresh":false}
[1m[92m   Compiling[0m serde v1.0.228
{"reason":"compiler-artifact","package_id":"registry+https://github.com/rust-lang/crates.io-index#digest@0.10.7","manifest_path":"/home/runner/.cargo/registry/src/index.crates.io-1949cf8c6b5b557f/digest-0.10.7/Cargo.toml","target":{"kind":["lib"],"crate_types":["lib"],"name":"digest","src_path":"/home/runner/.cargo/registry/src/index.crates.io-1949cf8c6b5b557f/digest-0.10.7/src/lib.rs","edition":"2018","doc":true,"doctest":true,"test":true},"profile":{"opt_level":"3","debuginfo":2,"debug_assertions":false,"overflow_checks":true,"test":false},"features":["alloc","block-buffer","const-oid","core-api","default","mac","oid","std","subtle"],"filenames":["/home/runner/work/_temp/microbit-motion-ab-36715551022-1/target-baseline/release/deps/libdigest-37793ee483fbd33e.rlib","/home/runner/work/_temp/microbit-motion-ab-36715551022-1/target-baseline/release/deps/libdigest-37793ee483fbd33e.rmeta"],"executable":null,"fresh":false}
[1m[92m   Compiling[0m parking_lot_core v0.9.12
{"reason":"compiler-artifact","package_id":"registry+https://github.com/rust-lang/crates.io-index#serde@1.0.228","manifest_path":"/home/runner/.cargo/registry/src/index.crates.io-1949cf8c6b5b557f/serde-1.0.228/Cargo.toml","target":{"kind":["custom-build"],"crate_types":["bin"],"name":"build-script-build","src_path":"/home/runner/.cargo/registry/src/index.crates.io-1949cf8c6b5b557f/serde-1.0.228/build.rs","edition":"2021","doc":false,"doctest":false,"test":false},"profile":{"opt_level":"0","debuginfo":0,"debug_assertions":false,"overflow_checks":true,"test":false},"features":["default","derive","serde_derive","std"],"filenames":["/home/runner/work/_temp/microbit-motion-ab-36715551022-1/target-baseline/release/build/serde-8b4c7cf8e9a31886/build-script-build"],"executable":null,"fresh":false}
[1m[92m   Compiling[0m rand_core v0.6.4
{"reason":"compiler-artifact","package_id":"registry+https://github.com/rust-lang/crates.io-index#parking_lot_core@0.9.12","manifest_path":"/home/runner/.cargo/registry/src/index.crates.io-1949cf8c6b5b557f/parking_lot_core-0.9.12/Cargo.toml","target":{"kind":["custom-build"],"crate_types":["bin"],"name":"build-script-build","src_path":"/home/runner/.cargo/registry/src/index.crates.io-1949cf8c6b5b557f/parking_lot_core-0.9.12/build.rs","edition":"2021","doc":false,"doctest":false,"test":false},"profile":{"opt_level":"0","debuginfo":0,"debug_assertions":false,"overflow_checks":true,"test":false},"features":[],"filenames":["/home/runner/work/_temp/microbit-motion-ab-36715551022-1/target-baseline/release/build/parking_lot_core-a81e1e78351d9f6a/build-script-build"],"executable":null,"fresh":false}
{"reason":"build-script-executed","package_id":"registry+https://github.com/rust-lang/crates.io-index#parking_lot_core@0.9.12","linked_libs":[],"linked_paths":[],"cfgs":[],"env":[],"out_dir":"/home/runner/work/_temp/microbit-motion-ab-36715551022-1/target-baseline/release/build/parking_lot_core-b63a367a4a189031/out"}
{"reason":"build-script-executed","package_id":"registry+https://github.com/rust-lang/crates.io-index#serde@1.0.228","linked_libs":[],"linked_paths":[],"cfgs":["if_docsrs_then_no_serde_core"],"env":[],"out_dir":"/home/runner/work/_temp/microbit-motion-ab-36715551022-1/target-baseline/release/build/serde-ae178fd6ee9fe3f2/out"}
[1m[92m   Compiling[0m aho-corasick v1.1.4
{"reason":"compiler-artifact","package_id":"registry+https://github.com/rust-lang/crates.io-index#rand_core@0.6.4","manifest_path":"/home/runner/.cargo/registry/src/index.crates.io-1949cf8c6b5b557f/rand_core-0.6.4/Cargo.toml","target":{"kind":["lib"],"crate_types":["lib"],"name":"rand_core","src_path":"/home/runner/.cargo/registry/src/index.crates.io-1949cf8c6b5b557f/rand_core-0.6.4/src/lib.rs","edition":"2018","doc":true,"doctest":true,"test":true},"profile":{"opt_level":"3","debuginfo":2,"debug_assertions":false,"overflow_checks":true,"test":false},"features":[],"filenames":["/home/runner/work/_temp/microbit-motion-ab-36715551022-1/target-baseline/release/deps/librand_core-21bfee7fd4bcec45.rlib","/home/runner/work/_temp/microbit-motion-ab-36715551022-1/target-baseline/release/deps/librand_core-21bfee7fd4bcec45.rmeta"],"executable":null,"fresh":false}
[1m[92m   Compiling[0m dirs-sys-next v0.1.2
{"reason":"compiler-artifact","package_id":"registry+https://github.com/rust-lang/crates.io-index#dirs-sys-next@0.1.2","manifest_path":"/home/runner/.cargo/registry/src/index.crates.io-1949cf8c6b5b557f/dirs-sys-next-0.1.2/Cargo.toml","target":{"kind":["lib"],"crate_types":["lib"],"name":"dirs_sys_next","src_path":"/home/runner/.cargo/registry/src/index.crates.io-1949cf8c6b5b557f/dirs-sys-next-0.1.2/src/lib.rs","edition":"2018","doc":true,"doctest":true,"test":true},"profile":{"opt_level":"0","debuginfo":0,"debug_assertions":false,"overflow_checks":true,"test":false},"features":[],"filenames":["/home/runner/work/_temp/microbit-motion-ab-36715551022-1/target-baseline/release/deps/libdirs_sys_next-c7acdfa53cb181a2.rlib","/home/runner/work/_temp/microbit-motion-ab-36715551022-1/target-baseline/release/deps/libdirs_sys_next-c7acdfa53cb181a2.rmeta"],"executable":null,"fresh":false}
{"reason":"compiler-artifact","package_id":"registry+https://github.com/rust-lang/crates.io-index#aho-corasick@1.1.4","manifest_path":"/home/runner/.cargo/registry/src/index.crates.io-1949cf8c6b5b557f/aho-corasick-1.1.4/Cargo.toml","target":{"kind":["lib"],"crate_types":["lib"],"name":"aho_corasick","src_path":"/home/runner/.cargo/registry/src/index.crates.io-1949cf8c6b5b557f/aho-corasick-1.1.4/src/lib.rs","edition":"2021","doc":true,"doctest":true,"test":true},"profile":{"opt_level":"0","debuginfo":0,"debug_assertions":false,"overflow_checks":true,"test":false},"features":["perf-literal","std"],"filenames":["/home/runner/work/_temp/microbit-motion-ab-36715551022-1/target-baseline/release/deps/libaho_corasick-d8ffaae0f3e217da.rlib","/home/runner/work/_temp/microbit-motion-ab-36715551022-1/target-baseline/release/deps/libaho_corasick-d8ffaae0f3e217da.rmeta"],"executable":null,"fresh":false}
[1m[92m   Compiling[0m hashbrown v0.17.1
{"reason":"compiler-artifact","package_id":"registry+https://github.com/rust-lang/crates.io-index#serde_core@1.0.228","manifest_path":"/home/runner/.cargo/registry/src/index.crates.io-1949cf8c6b5b557f/serde_core-1.0.228/Cargo.toml","target":{"kind":["lib"],"crate_types":["lib"],"name":"serde_core","src_path":"/home/runner/.cargo/registry/src/index.crates.io-1949cf8c6b5b557f/serde_core-1.0.228/src/lib.rs","edition":"2021","doc":true,"doctest":true,"test":true},"profile":{"opt_level":"3","debuginfo":2,"debug_assertions":false,"overflow_checks":true,"test":false},"features":["result","std"],"filenames":["/home/runner/work/_temp/microbit-motion-ab-36715551022-1/target-baseline/release/deps/libserde_core-b15549ece7996be8.rlib","/home/runner/work/_temp/microbit-motion-ab-36715551022-1/target-baseline/release/deps/libserde_core-b15549ece7996be8.rmeta"],"executable":null,"fresh":false}
[1m[92m   Compiling[0m regex-syntax v0.8.10
{"reason":"compiler-artifact","package_id":"registry+https://github.com/rust-lang/crates.io-index#hashbrown@0.17.1","manifest_path":"/home/runner/.cargo/registry/src/index.crates.io-1949cf8c6b5b557f/hashbrown-0.17.1/Cargo.toml","target":{"kind":["lib"],"crate_types":["lib"],"name":"hashbrown","src_path":"/home/runner/.cargo/registry/src/index.crates.io-1949cf8c6b5b557f/hashbrown-0.17.1/src/lib.rs","edition":"2024","doc":true,"doctest":true,"test":true},"profile":{"opt_level":"3","debuginfo":2,"debug_assertions":false,"overflow_checks":true,"test":false},"features":[],"filenames":["/home/runner/work/_temp/microbit-motion-ab-36715551022-1/target-baseline/release/deps/libhashbrown-0c70b62f692ef8b6.rlib","/home/runner/work/_temp/microbit-motion-ab-36715551022-1/target-baseline/release/deps/libhashbrown-0c70b62f692ef8b6.rmeta"],"executable":null,"fresh":false}
[1m[92m   Compiling[0m crunchy v0.2.4
{"reason":"compiler-artifact","package_id":"registry+https://github.com/rust-lang/crates.io-index#crunchy@0.2.4","manifest_path":"/home/runner/.cargo/registry/src/index.crates.io-1949cf8c6b5b557f/crunchy-0.2.4/Cargo.toml","target":{"kind":["custom-build"],"crate_types":["bin"],"name":"build-script-build","src_path":"/home/runner/.cargo/registry/src/index.crates.io-1949cf8c6b5b557f/crunchy-0.2.4/build.rs","edition":"2021","doc":false,"doctest":false,"test":false},"profile":{"opt_level":"0","debuginfo":0,"debug_assertions":false,"overflow_checks":true,"test":false},"features":["default","limit_128"],"filenames":["/home/runner/work/_temp/microbit-motion-ab-36715551022-1/target-baseline/release/build/crunchy-a03d8585cf01fff7/build-script-build"],"executable":null,"fresh":false}
[1m[92m   Compiling[0m scopeguard v1.2.0
{"reason":"compiler-artifact","package_id":"registry+https://github.com/rust-lang/crates.io-index#scopeguard@1.2.0","manifest_path":"/home/runner/.cargo/registry/src/index.crates.io-1949cf8c6b5b557f/scopeguard-1.2.0/Cargo.toml","target":{"kind":["lib"],"crate_types":["lib"],"name":"scopeguard","src_path":"/home/runner/.cargo/registry/src/index.crates.io-1949cf8c6b5b557f/scopeguard-1.2.0/src/lib.rs","edition":"2015","doc":true,"doctest":true,"test":true},"profile":{"opt_level":"0","debuginfo":0,"debug_assertions":false,"overflow_checks":true,"test":false},"features":[],"filenames":["/home/runner/work/_temp/microbit-motion-ab-36715551022-1/target-baseline/release/deps/libscopeguard-53e51466fe023718.rlib","/home/runner/work/_temp/microbit-motion-ab-36715551022-1/target-baseline/release/deps/libscopeguard-53e51466fe023718.rmeta"],"executable":null,"fresh":false}
[1m[92m   Compiling[0m equivalent v1.0.2
{"reason":"compiler-artifact","package_id":"registry+https://github.com/rust-lang/crates.io-index#equivalent@1.0.2","manifest_path":"/home/runner/.cargo/registry/src/index.crates.io-1949cf8c6b5b557f/equivalent-1.0.2/Cargo.toml","target":{"kind":["lib"],"crate_types":["lib"],"name":"equivalent","src_path":"/home/runner/.cargo/registry/src/index.crates.io-1949cf8c6b5b557f/equivalent-1.0.2/src/lib.rs","edition":"2015","doc":true,"doctest":true,"test":true},"profile":{"opt_level":"3","debuginfo":2,"debug_assertions":false,"overflow_checks":true,"test":false},"features":[],"filenames":["/home/runner/work/_temp/microbit-motion-ab-36715551022-1/target-baseline/release/deps/libequivalent-f184e483f785ea1c.rlib","/home/runner/work/_temp/microbit-motion-ab-36715551022-1/target-baseline/release/deps/libequivalent-f184e483f785ea1c.rmeta"],"executable":null,"fresh":false}
{"reason":"compiler-artifact","package_id":"registry+https://github.com/rust-lang/crates.io-index#syn@2.0.117","manifest_path":"/home/runner/.cargo/registry/src/index.crates.io-1949cf8c6b5b557f/syn-2.0.117/Cargo.toml","target":{"kind":["lib"],"crate_types":["lib"],"name":"syn","src_path":"/home/runner/.cargo/registry/src/index.crates.io-1949cf8c6b5b557f/syn-2.0.117/src/lib.rs","edition":"2021","doc":true,"doctest":true,"test":true},"profile":{"opt_level":"0","debuginfo":0,"debug_assertions":false,"overflow_checks":true,"test":false},"features":["clone-impls","default","derive","extra-traits","full","parsing","printing","proc-macro","visit-mut"],"filenames":["/home/runner/work/_temp/microbit-motion-ab-36715551022-1/target-baseline/release/deps/libsyn-1270e82820a8a850.rlib","/home/runner/work/_temp/microbit-motion-ab-36715551022-1/target-baseline/release/deps/libsyn-1270e82820a8a850.rmeta"],"executable":null,"fresh":false}
[1m[92m   Compiling[0m serde_derive v1.0.228
{"reason":"compiler-artifact","package_id":"registry+https://github.com/rust-lang/crates.io-index#regex-syntax@0.8.10","manifest_path":"/home/runner/.cargo/registry/src/index.crates.io-1949cf8c6b5b557f/regex-syntax-0.8.10/Cargo.toml","target":{"kind":["lib"],"crate_types":["lib"],"name":"regex_syntax","src_path":"/home/runner/.cargo/registry/src/index.crates.io-1949cf8c6b5b557f/regex-syntax-0.8.10/src/lib.rs","edition":"2021","doc":true,"doctest":true,"test":true},"profile":{"opt_level":"0","debuginfo":0,"debug_assertions":false,"overflow_checks":true,"test":false},"features":["default","std","unicode","unicode-age","unicode-bool","unicode-case","unicode-gencat","unicode-perl","unicode-script","unicode-segment"],"filenames":["/home/runner/work/_temp/microbit-motion-ab-36715551022-1/target-baseline/release/deps/libregex_syntax-f7b4c651675995e8.rlib","/home/runner/work/_temp/microbit-motion-ab-36715551022-1/target-baseline/release/deps/libregex_syntax-f7b4c651675995e8.rmeta"],"executable":null,"fresh":false}
[1m[92m   Compiling[0m smallvec v1.15.1
{"reason":"compiler-artifact","package_id":"registry+https://github.com/rust-lang/crates.io-index#smallvec@1.15.1","manifest_path":"/home/runner/.cargo/registry/src/index.crates.io-1949cf8c6b5b557f/smallvec-1.15.1/Cargo.toml","target":{"kind":["lib"],"crate_types":["lib"],"name":"smallvec","src_path":"/home/runner/.cargo/registry/src/index.crates.io-1949cf8c6b5b557f/smallvec-1.15.1/src/lib.rs","edition":"2018","doc":true,"doctest":true,"test":true},"profile":{"opt_level":"0","debuginfo":0,"debug_assertions":false,"overflow_checks":true,"test":false},"features":[],"filenames":["/home/runner/work/_temp/microbit-motion-ab-36715551022-1/target-baseline/release/deps/libsmallvec-b99387641f50b9df.rlib","/home/runner/work/_temp/microbit-motion-ab-36715551022-1/target-baseline/release/deps/libsmallvec-b99387641f50b9df.rmeta"],"executable":null,"fresh":false}
[1m[92m   Compiling[0m thiserror v1.0.69
{"reason":"compiler-artifact","package_id":"registry+https://github.com/rust-lang/crates.io-index#aho-corasick@1.1.4","manifest_path":"/home/runner/.cargo/registry/src/index.crates.io-1949cf8c6b5b557f/aho-corasick-1.1.4/Cargo.toml","target":{"kind":["lib"],"crate_types":["lib"],"name":"aho_corasick","src_path":"/home/runner/.cargo/registry/src/index.crates.io-1949cf8c6b5b557f/aho-corasick-1.1.4/src/lib.rs","edition":"2021","doc":true,"doctest":true,"test":true},"profile":{"opt_level":"3","debuginfo":2,"debug_assertions":false,"overflow_checks":true,"test":false},"features":["perf-literal","std"],"filenames":["/home/runner/work/_temp/microbit-motion-ab-36715551022-1/target-baseline/release/deps/libaho_corasick-357bfd92cf69770a.rlib","/home/runner/work/_temp/microbit-motion-ab-36715551022-1/target-baseline/release/deps/libaho_corasick-357bfd92cf69770a.rmeta"],"executable":null,"fresh":false}
{"reason":"compiler-artifact","package_id":"registry+https://github.com/rust-lang/crates.io-index#thiserror@1.0.69","manifest_path":"/home/runner/.cargo/registry/src/index.crates.io-1949cf8c6b5b557f/thiserror-1.0.69/Cargo.toml","target":{"kind":["custom-build"],"crate_types":["bin"],"name":"build-script-build","src_path":"/home/runner/.cargo/registry/src/index.crates.io-1949cf8c6b5b557f/thiserror-1.0.69/build.rs","edition":"2021","doc":false,"doctest":false,"test":false},"profile":{"opt_level":"0","debuginfo":0,"debug_assertions":false,"overflow_checks":true,"test":false},"features":[],"filenames":["/home/runner/work/_temp/microbit-motion-ab-36715551022-1/target-baseline/release/build/thiserror-a4194746c1979167/build-script-build"],"executable":null,"fresh":false}
{"reason":"build-script-executed","package_id":"registry+https://github.com/rust-lang/crates.io-index#thiserror@1.0.69","linked_libs":[],"linked_paths":[],"cfgs":[],"env":[],"out_dir":"/home/runner/work/_temp/microbit-motion-ab-36715551022-1/target-baseline/release/build/thiserror-da6251735676e0a9/out"}
[1m[92m   Compiling[0m regex-automata v0.4.14
{"reason":"compiler-artifact","package_id":"registry+https://github.com/rust-lang/crates.io-index#parking_lot_core@0.9.12","manifest_path":"/home/runner/.cargo/registry/src/index.crates.io-1949cf8c6b5b557f/parking_lot_core-0.9.12/Cargo.toml","target":{"kind":["lib"],"crate_types":["lib"],"name":"parking_lot_core","src_path":"/home/runner/.cargo/registry/src/index.crates.io-1949cf8c6b5b557f/parking_lot_core-0.9.12/src/lib.rs","edition":"2021","doc":true,"doctest":true,"test":true},"profile":{"opt_level":"0","debuginfo":0,"debug_assertions":false,"overflow_checks":true,"test":false},"features":[],"filenames":["/home/runner/work/_temp/microbit-motion-ab-36715551022-1/target-baseline/release/deps/libparking_lot_core-0789fe9071e0ddb1.rlib","/home/runner/work/_temp/microbit-motion-ab-36715551022-1/target-baseline/release/deps/libparking_lot_core-0789fe9071e0ddb1.rmeta"],"executable":null,"fresh":false}
{"reason":"compiler-artifact","package_id":"registry+https://github.com/rust-lang/crates.io-index#serde_derive@1.0.228","manifest_path":"/home/runner/.cargo/registry/src/index.crates.io-1949cf8c6b5b557f/serde_derive-1.0.228/Cargo.toml","target":{"kind":["proc-macro"],"crate_types":["proc-macro"],"name":"serde_derive","src_path":"/home/runner/.cargo/registry/src/index.crates.io-1949cf8c6b5b557f/serde_derive-1.0.228/src/lib.rs","edition":"2021","doc":true,"doctest":true,"test":true},"profile":{"opt_level":"0","debuginfo":0,"debug_assertions":false,"overflow_checks":true,"test":false},"features":["default"],"filenames":["/home/runner/work/_temp/microbit-motion-ab-36715551022-1/target-baseline/release/deps/libserde_derive-3ea06d8e9a05d4a8.so"],"executable":null,"fresh":false}
{"reason":"compiler-artifact","package_id":"registry+https://github.com/rust-lang/crates.io-index#serde@1.0.228","manifest_path":"/home/runner/.cargo/registry/src/index.crates.io-1949cf8c6b5b557f/serde-1.0.228/Cargo.toml","target":{"kind":["lib"],"crate_types":["lib"],"name":"serde","src_path":"/home/runner/.cargo/registry/src/index.crates.io-1949cf8c6b5b557f/serde-1.0.228/src/lib.rs","edition":"2021","doc":true,"doctest":true,"test":true},"profile":{"opt_level":"3","debuginfo":2,"debug_assertions":false,"overflow_checks":true,"test":false},"features":["default","derive","serde_derive","std"],"filenames":["/home/runner/work/_temp/microbit-motion-ab-36715551022-1/target-baseline/release/deps/libserde-fa1c2af6e87c938b.rlib","/home/runner/work/_temp/microbit-motion-ab-36715551022-1/target-baseline/release/deps/libserde-fa1c2af6e87c938b.rmeta"],"executable":null,"fresh":false}
[1m[92m   Compiling[0m thiserror-impl v1.0.69
{"reason":"compiler-artifact","package_id":"registry+https://github.com/rust-lang/crates.io-index#regex-automata@0.4.14","manifest_path":"/home/runner/.cargo/registry/src/index.crates.io-1949cf8c6b5b557f/regex-automata-0.4.14/Cargo.toml","target":{"kind":["lib"],"crate_types":["lib"],"name":"regex_automata","src_path":"/home/runner/.cargo/registry/src/index.crates.io-1949cf8c6b5b557f/regex-automata-0.4.14/src/lib.rs","edition":"2021","doc":true,"doctest":true,"test":true},"profile":{"opt_level":"0","debuginfo":0,"debug_assertions":false,"overflow_checks":true,"test":false},"features":["alloc","dfa-onepass","hybrid","meta","nfa-backtrack","nfa-pikevm","nfa-thompson","perf-inline","perf-literal","perf-literal-multisubstring","perf-literal-substring","std","syntax","unicode","unicode-age","unicode-bool","unicode-case","unicode-gencat","unicode-perl","unicode-script","unicode-segment","unicode-word-boundary"],"filenames":["/home/runner/work/_temp/microbit-motion-ab-36715551022-1/target-baseline/release/deps/libregex_automata-55c8b82a926ac351.rlib","/home/runner/work/_temp/microbit-motion-ab-36715551022-1/target-baseline/release/deps/libregex_automata-55c8b82a926ac351.rmeta"],"executable":null,"fresh":false}
[1m[92m   Compiling[0m indexmap v2.14.0
{"reason":"compiler-artifact","package_id":"registry+https://github.com/rust-lang/crates.io-index#thiserror-impl@1.0.69","manifest_path":"/home/runner/.cargo/registry/src/index.crates.io-1949cf8c6b5b557f/thiserror-impl-1.0.69/Cargo.toml","target":{"kind":["proc-macro"],"crate_types":["proc-macro"],"name":"thiserror_impl","src_path":"/home/runner/.cargo/registry/src/index.crates.io-1949cf8c6b5b557f/thiserror-impl-1.0.69/src/lib.rs","edition":"2021","doc":true,"doctest":true,"test":true},"profile":{"opt_level":"0","debuginfo":0,"debug_assertions":false,"overflow_checks":true,"test":false},"features":[],"filenames":["/home/runner/work/_temp/microbit-motion-ab-36715551022-1/target-baseline/release/deps/libthiserror_impl-878fe5c1b442eba7.so"],"executable":null,"fresh":false}
[1m[92m   Compiling[0m lock_api v0.4.14
{"reason":"compiler-artifact","package_id":"registry+https://github.com/rust-lang/crates.io-index#regex-syntax@0.8.10","manifest_path":"/home/runner/.cargo/registry/src/index.crates.io-1949cf8c6b5b557f/regex-syntax-0.8.10/Cargo.toml","target":{"kind":["lib"],"crate_types":["lib"],"name":"regex_syntax","src_path":"/home/runner/.cargo/registry/src/index.crates.io-1949cf8c6b5b557f/regex-syntax-0.8.10/src/lib.rs","edition":"2021","doc":true,"doctest":true,"test":true},"profile":{"opt_level":"3","debuginfo":2,"debug_assertions":false,"overflow_checks":true,"test":false},"features":["default","std","unicode","unicode-age","unicode-bool","unicode-case","unicode-gencat","unicode-perl","unicode-script","unicode-segment"],"filenames":["/home/runner/work/_temp/microbit-motion-ab-36715551022-1/target-baseline/release/deps/libregex_syntax-d2aaf6ea48c84756.rlib","/home/runner/work/_temp/microbit-motion-ab-36715551022-1/target-baseline/release/deps/libregex_syntax-d2aaf6ea48c84756.rmeta"],"executable":null,"fresh":false}
{"reason":"build-script-executed","package_id":"registry+https://github.com/rust-lang/crates.io-index#crunchy@0.2.4","linked_libs":[],"linked_paths":[],"cfgs":[],"env":[["CRUNCHY_LIB_SUFFIX","/lib.rs"]],"out_dir":"/home/runner/work/_temp/microbit-motion-ab-36715551022-1/target-baseline/release/build/crunchy-ffd3660b96d6dd64/out"}
[1m[92m   Compiling[0m dirs-next v2.0.0
{"reason":"compiler-artifact","package_id":"registry+https://github.com/rust-lang/crates.io-index#dirs-next@2.0.0","manifest_path":"/home/runner/.cargo/registry/src/index.crates.io-1949cf8c6b5b557f/dirs-next-2.0.0/Cargo.toml","target":{"kind":["lib"],"crate_types":["lib"],"name":"dirs_next","src_path":"/home/runner/.cargo/registry/src/index.crates.io-1949cf8c6b5b557f/dirs-next-2.0.0/src/lib.rs","edition":"2018","doc":true,"doctest":true,"test":true},"profile":{"opt_level":"0","debuginfo":0,"debug_assertions":false,"overflow_checks":true,"test":false},"features":[],"filenames":["/home/runner/work/_temp/microbit-motion-ab-36715551022-1/target-baseline/release/deps/libdirs_next-20d8571580769a9b.rlib","/home/runner/work/_temp/microbit-motion-ab-36715551022-1/target-baseline/release/deps/libdirs_next-20d8571580769a9b.rmeta"],"executable":null,"fresh":false}
[1m[92m   Compiling[0m zmij v1.0.21
{"reason":"compiler-artifact","package_id":"registry+https://github.com/rust-lang/crates.io-index#lock_api@0.4.14","manifest_path":"/home/runner/.cargo/registry/src/index.crates.io-1949cf8c6b5b557f/lock_api-0.4.14/Cargo.toml","target":{"kind":["lib"],"crate_types":["lib"],"name":"lock_api","src_path":"/home/runner/.cargo/registry/src/index.crates.io-1949cf8c6b5b557f/lock_api-0.4.14/src/lib.rs","edition":"2021","doc":true,"doctest":true,"test":true},"profile":{"opt_level":"0","debuginfo":0,"debug_assertions":false,"overflow_checks":true,"test":false},"features":["atomic_usize","default"],"filenames":["/home/runner/work/_temp/microbit-motion-ab-36715551022-1/target-baseline/release/deps/liblock_api-c8908b4f0967d614.rlib","/home/runner/work/_temp/microbit-motion-ab-36715551022-1/target-baseline/release/deps/liblock_api-c8908b4f0967d614.rmeta"],"executable":null,"fresh":false}
[1m[92m   Compiling[0m syn v1.0.109
{"reason":"compiler-artifact","package_id":"registry+https://github.com/rust-lang/crates.io-index#zmij@1.0.21","manifest_path":"/home/runner/.cargo/registry/src/index.crates.io-1949cf8c6b5b557f/zmij-1.0.21/Cargo.toml","target":{"kind":["custom-build"],"crate_types":["bin"],"name":"build-script-build","src_path":"/home/runner/.cargo/registry/src/index.crates.io-1949cf8c6b5b557f/zmij-1.0.21/build.rs","edition":"2021","doc":false,"doctest":false,"test":false},"profile":{"opt_level":"0","debuginfo":0,"debug_assertions":false,"overflow_checks":true,"test":false},"features":[],"filenames":["/home/runner/work/_temp/microbit-motion-ab-36715551022-1/target-baseline/release/build/zmij-93746bdf5ab2fa5c/build-script-build"],"executable":null,"fresh":false}
{"reason":"compiler-artifact","package_id":"registry+https://github.com/rust-lang/crates.io-index#equivalent@1.0.2","manifest_path":"/home/runner/.cargo/registry/src/index.crates.io-1949cf8c6b5b557f/equivalent-1.0.2/Cargo.toml","target":{"kind":["lib"],"crate_types":["lib"],"name":"equivalent","src_path":"/home/runner/.cargo/registry/src/index.crates.io-1949cf8c6b5b557f/equivalent-1.0.2/src/lib.rs","edition":"2015","doc":true,"doctest":true,"test":true},"profile":{"opt_level":"0","debuginfo":0,"debug_assertions":false,"overflow_checks":true,"test":false},"features":[],"filenames":["/home/runner/work/_temp/microbit-motion-ab-36715551022-1/target-baseline/release/deps/libequivalent-3b404a8e382526de.rlib","/home/runner/work/_temp/microbit-motion-ab-36715551022-1/target-baseline/release/deps/libequivalent-3b404a8e382526de.rmeta"],"executable":null,"fresh":false}
[1m[92m   Compiling[0m once_cell v1.21.4
{"reason":"compiler-artifact","package_id":"registry+https://github.com/rust-lang/crates.io-index#syn@1.0.109","manifest_path":"/home/runner/.cargo/registry/src/index.crates.io-1949cf8c6b5b557f/syn-1.0.109/Cargo.toml","target":{"kind":["custom-build"],"crate_types":["bin"],"name":"build-script-build","src_path":"/home/runner/.cargo/registry/src/index.crates.io-1949cf8c6b5b557f/syn-1.0.109/build.rs","edition":"2018","doc":false,"doctest":false,"test":false},"profile":{"opt_level":"0","debuginfo":0,"debug_assertions":false,"overflow_checks":true,"test":false},"features":["clone-impls","default","derive","parsing","printing","proc-macro","quote"],"filenames":["/home/runner/work/_temp/microbit-motion-ab-36715551022-1/target-baseline/release/build/syn-92cabee48f7fd4cd/build-script-build"],"executable":null,"fresh":false}
[1m[92m   Compiling[0m tiny-keccak v2.0.2
{"reason":"compiler-artifact","package_id":"registry+https://github.com/rust-lang/crates.io-index#once_cell@1.21.4","manifest_path":"/home/runner/.cargo/registry/src/index.crates.io-1949cf8c6b5b557f/once_cell-1.21.4/Cargo.toml","target":{"kind":["lib"],"crate_types":["lib"],"name":"once_cell","src_path":"/home/runner/.cargo/registry/src/index.crates.io-1949cf8c6b5b557f/once_cell-1.21.4/src/lib.rs","edition":"2021","doc":true,"doctest":true,"test":true},"profile":{"opt_level":"3","debuginfo":2,"debug_assertions":false,"overflow_checks":true,"test":false},"features":["alloc","default","race","std"],"filenames":["/home/runner/work/_temp/microbit-motion-ab-36715551022-1/target-baseline/release/deps/libonce_cell-b2d00a3ac07c443e.rlib","/home/runner/work/_temp/microbit-motion-ab-36715551022-1/target-baseline/release/deps/libonce_cell-b2d00a3ac07c443e.rmeta"],"executable":null,"fresh":false}
[1m[92m   Compiling[0m siphasher v1.0.3
{"reason":"compiler-artifact","package_id":"registry+https://github.com/rust-lang/crates.io-index#tiny-keccak@2.0.2","manifest_path":"/home/runner/.cargo/registry/src/index.crates.io-1949cf8c6b5b557f/tiny-keccak-2.0.2/Cargo.toml","target":{"kind":["custom-build"],"crate_types":["bin"],"name":"build-script-build","src_path":"/home/runner/.cargo/registry/src/index.crates.io-1949cf8c6b5b557f/tiny-keccak-2.0.2/build.rs","edition":"2018","doc":false,"doctest":false,"test":false},"profile":{"opt_level":"0","debuginfo":0,"debug_assertions":false,"overflow_checks":true,"test":false},"features":["default","sha3"],"filenames":["/home/runner/work/_temp/microbit-motion-ab-36715551022-1/target-baseline/release/build/tiny-keccak-a9d15c864c43909a/build-script-build"],"executable":null,"fresh":false}
{"reason":"compiler-artifact","package_id":"registry+https://github.com/rust-lang/crates.io-index#siphasher@1.0.3","manifest_path":"/home/runner/.cargo/registry/src/index.crates.io-1949cf8c6b5b557f/siphasher-1.0.3/Cargo.toml","target":{"kind":["lib"],"crate_types":["lib"],"name":"siphasher","src_path":"/home/runner/.cargo/registry/src/index.crates.io-1949cf8c6b5b557f/siphasher-1.0.3/src/lib.rs","edition":"2018","doc":true,"doctest":true,"test":true},"profile":{"opt_level":"0","debuginfo":0,"debug_assertions":false,"overflow_checks":true,"test":false},"features":["default","std"],"filenames":["/home/runner/work/_temp/microbit-motion-ab-36715551022-1/target-baseline/release/deps/libsiphasher-c101ee1945b0bda6.rlib","/home/runner/work/_temp/microbit-motion-ab-36715551022-1/target-baseline/release/deps/libsiphasher-c101ee1945b0bda6.rmeta"],"executable":null,"fresh":false}
[1m[92m   Compiling[0m phf_shared v0.11.3
{"reason":"compiler-artifact","package_id":"registry+https://github.com/rust-lang/crates.io-index#indexmap@2.14.0","manifest_path":"/home/runner/.cargo/registry/src/index.crates.io-1949cf8c6b5b557f/indexmap-2.14.0/Cargo.toml","target":{"kind":["lib"],"crate_types":["lib"],"name":"indexmap","src_path":"/home/runner/.cargo/registry/src/index.crates.io-1949cf8c6b5b557f/indexmap-2.14.0/src/lib.rs","edition":"2024","doc":true,"doctest":true,"test":true},"profile":{"opt_level":"3","debuginfo":2,"debug_assertions":false,"overflow_checks":true,"test":false},"features":["default","std"],"filenames":["/home/runner/work/_temp/microbit-motion-ab-36715551022-1/target-baseline/release/deps/libindexmap-f52c023b8ff1d3de.rlib","/home/runner/work/_temp/microbit-motion-ab-36715551022-1/target-baseline/release/deps/libindexmap-f52c023b8ff1d3de.rmeta"],"executable":null,"fresh":false}
{"reason":"build-script-executed","package_id":"registry+https://github.com/rust-lang/crates.io-index#tiny-keccak@2.0.2","linked_libs":[],"linked_paths":[],"cfgs":[],"env":[],"out_dir":"/home/runner/work/_temp/microbit-motion-ab-36715551022-1/target-baseline/release/build/tiny-keccak-a58095112e939332/out"}
{"reason":"compiler-artifact","package_id":"registry+https://github.com/rust-lang/crates.io-index#phf_shared@0.11.3","manifest_path":"/home/runner/.cargo/registry/src/index.crates.io-1949cf8c6b5b557f/phf_shared-0.11.3/Cargo.toml","target":{"kind":["lib"],"crate_types":["lib"],"name":"phf_shared","src_path":"/home/runner/.cargo/registry/src/index.crates.io-1949cf8c6b5b557f/phf_shared-0.11.3/src/lib.rs","edition":"2021","doc":true,"doctest":true,"test":false},"profile":{"opt_level":"0","debuginfo":0,"debug_assertions":false,"overflow_checks":true,"test":false},"features":["default","std"],"filenames":["/home/runner/work/_temp/microbit-motion-ab-36715551022-1/target-baseline/release/deps/libphf_shared-f81c3a4d9e76e5d8.rlib","/home/runner/work/_temp/microbit-motion-ab-36715551022-1/target-baseline/release/deps/libphf_shared-f81c3a4d9e76e5d8.rmeta"],"executable":null,"fresh":false}
{"reason":"build-script-executed","package_id":"registry+https://github.com/rust-lang/crates.io-index#syn@1.0.109","linked_libs":[],"linked_paths":[],"cfgs":["syn_disable_nightly_tests"],"env":[],"out_dir":"/home/runner/work/_temp/microbit-motion-ab-36715551022-1/target-baseline/release/build/syn-42a3c2f793b2a3ca/out"}
[1m[92m   Compiling[0m parking_lot v0.12.5
{"reason":"build-script-executed","package_id":"registry+https://github.com/rust-lang/crates.io-index#zmij@1.0.21","linked_libs":[],"linked_paths":[],"cfgs":[],"env":[],"out_dir":"/home/runner/work/_temp/microbit-motion-ab-36715551022-1/target-baseline/release/build/zmij-fa84bc33ecc75dbc/out"}
[1m[92m   Compiling[0m term v0.7.0
{"reason":"compiler-artifact","package_id":"registry+https://github.com/rust-lang/crates.io-index#parking_lot@0.12.5","manifest_path":"/home/runner/.cargo/registry/src/index.crates.io-1949cf8c6b5b557f/parking_lot-0.12.5/Cargo.toml","target":{"kind":["lib"],"crate_types":["lib"],"name":"parking_lot","src_path":"/home/runner/.cargo/registry/src/index.crates.io-1949cf8c6b5b557f/parking_lot-0.12.5/src/lib.rs","edition":"2021","doc":true,"doctest":true,"test":true},"profile":{"opt_level":"0","debuginfo":0,"debug_assertions":false,"overflow_checks":true,"test":false},"features":["default"],"filenames":["/home/runner/work/_temp/microbit-motion-ab-36715551022-1/target-baseline/release/deps/libparking_lot-91b2d3129b8681be.rlib","/home/runner/work/_temp/microbit-motion-ab-36715551022-1/target-baseline/release/deps/libparking_lot-91b2d3129b8681be.rmeta"],"executable":null,"fresh":false}
{"reason":"compiler-artifact","package_id":"registry+https://github.com/rust-lang/crates.io-index#crunchy@0.2.4","manifest_path":"/home/runner/.cargo/registry/src/index.crates.io-1949cf8c6b5b557f/crunchy-0.2.4/Cargo.toml","target":{"kind":["lib"],"crate_types":["lib"],"name":"crunchy","src_path":"/home/runner/.cargo/registry/src/index.crates.io-1949cf8c6b5b557f/crunchy-0.2.4/src/lib.rs","edition":"2021","doc":true,"doctest":true,"test":true},"profile":{"opt_level":"0","debuginfo":0,"debug_assertions":false,"overflow_checks":true,"test":false},"features":["default","limit_128"],"filenames":["/home/runner/work/_temp/microbit-motion-ab-36715551022-1/target-baseline/release/deps/libcrunchy-3d79a3f542adbbd3.rlib","/home/runner/work/_temp/microbit-motion-ab-36715551022-1/target-baseline/release/deps/libcrunchy-3d79a3f542adbbd3.rmeta"],"executable":null,"fresh":false}
{"reason":"compiler-artifact","package_id":"registry+https://github.com/rust-lang/crates.io-index#thiserror@1.0.69","manifest_path":"/home/runner/.cargo/registry/src/index.crates.io-1949cf8c6b5b557f/thiserror-1.0.69/Cargo.toml","target":{"kind":["lib"],"crate_types":["lib"],"name":"thiserror","src_path":"/home/runner/.cargo/registry/src/index.crates.io-1949cf8c6b5b557f/thiserror-1.0.69/src/lib.rs","edition":"2021","doc":true,"doctest":true,"test":true},"profile":{"opt_level":"3","debuginfo":2,"debug_assertions":false,"overflow_checks":true,"test":false},"features":[],"filenames":["/home/runner/work/_temp/microbit-motion-ab-36715551022-1/target-baseline/release/deps/libthiserror-ae3d6e73068c73ec.rlib","/home/runner/work/_temp/microbit-motion-ab-36715551022-1/target-baseline/release/deps/libthiserror-ae3d6e73068c73ec.rmeta"],"executable":null,"fresh":false}
{"reason":"compiler-artifact","package_id":"registry+https://github.com/rust-lang/crates.io-index#hashbrown@0.17.1","manifest_path":"/home/runner/.cargo/registry/src/index.crates.io-1949cf8c6b5b557f/hashbrown-0.17.1/Cargo.toml","target":{"kind":["lib"],"crate_types":["lib"],"name":"hashbrown","src_path":"/home/runner/.cargo/registry/src/index.crates.io-1949cf8c6b5b557f/hashbrown-0.17.1/src/lib.rs","edition":"2024","doc":true,"doctest":true,"test":true},"profile":{"opt_level":"0","debuginfo":0,"debug_assertions":false,"overflow_checks":true,"test":false},"features":[],"filenames":["/home/runner/work/_temp/microbit-motion-ab-36715551022-1/target-baseline/release/deps/libhashbrown-aa34f4a1dfb9c4c1.rlib","/home/runner/work/_temp/microbit-motion-ab-36715551022-1/target-baseline/release/deps/libhashbrown-aa34f4a1dfb9c4c1.rmeta"],"executable":null,"fresh":false}
[1m[92m   Compiling[0m regex v1.12.3
{"reason":"compiler-artifact","package_id":"registry+https://github.com/rust-lang/crates.io-index#term@0.7.0","manifest_path":"/home/runner/.cargo/registry/src/index.crates.io-1949cf8c6b5b557f/term-0.7.0/Cargo.toml","target":{"kind":["lib"],"crate_types":["lib"],"name":"term","src_path":"/home/runner/.cargo/registry/src/index.crates.io-1949cf8c6b5b557f/term-0.7.0/src/lib.rs","edition":"2018","doc":true,"doctest":true,"test":true},"profile":{"opt_level":"0","debuginfo":0,"debug_assertions":false,"overflow_checks":true,"test":false},"features":["default"],"filenames":["/home/runner/work/_temp/microbit-motion-ab-36715551022-1/target-baseline/release/deps/libterm-e521c44e5a1aa4a8.rlib","/home/runner/work/_temp/microbit-motion-ab-36715551022-1/target-baseline/release/deps/libterm-e521c44e5a1aa4a8.rmeta"],"executable":null,"fresh":false}
{"reason":"compiler-artifact","package_id":"registry+https://github.com/rust-lang/crates.io-index#regex@1.12.3","manifest_path":"/home/runner/.cargo/registry/src/index.crates.io-1949cf8c6b5b557f/regex-1.12.3/Cargo.toml","target":{"kind":["lib"],"crate_types":["lib"],"name":"regex","src_path":"/home/runner/.cargo/registry/src/index.crates.io-1949cf8c6b5b557f/regex-1.12.3/src/lib.rs","edition":"2021","doc":true,"doctest":true,"test":true},"profile":{"opt_level":"0","debuginfo":0,"debug_assertions":false,"overflow_checks":true,"test":false},"features":["default","perf","perf-backtrack","perf-cache","perf-dfa","perf-inline","perf-literal","perf-onepass","std","unicode","unicode-age","unicode-bool","unicode-case","unicode-gencat","unicode-perl","unicode-script","unicode-segment"],"filenames":["/home/runner/work/_temp/microbit-motion-ab-36715551022-1/target-baseline/release/deps/libregex-f751b848a18a0b2a.rlib","/home/runner/work/_temp/microbit-motion-ab-36715551022-1/target-baseline/release/deps/libregex-f751b848a18a0b2a.rmeta"],"executable":null,"fresh":false}
[1m[92m   Compiling[0m ff v0.13.1
{"reason":"compiler-artifact","package_id":"registry+https://github.com/rust-lang/crates.io-index#ff@0.13.1","manifest_path":"/home/runner/.cargo/registry/src/index.crates.io-1949cf8c6b5b557f/ff-0.13.1/Cargo.toml","target":{"kind":["lib"],"crate_types":["lib"],"name":"ff","src_path":"/home/runner/.cargo/registry/src/index.crates.io-1949cf8c6b5b557f/ff-0.13.1/src/lib.rs","edition":"2021","doc":true,"doctest":true,"test":true},"profile":{"opt_level":"3","debuginfo":2,"debug_assertions":false,"overflow_checks":true,"test":false},"features":[],"filenames":["/home/runner/work/_temp/microbit-motion-ab-36715551022-1/target-baseline/release/deps/libff-638a77525bc2a42d.rlib","/home/runner/work/_temp/microbit-motion-ab-36715551022-1/target-baseline/release/deps/libff-638a77525bc2a42d.rmeta"],"executable":null,"fresh":false}
[1m[92m   Compiling[0m der v0.7.10
{"reason":"compiler-artifact","package_id":"registry+https://github.com/rust-lang/crates.io-index#indexmap@2.14.0","manifest_path":"/home/runner/.cargo/registry/src/index.crates.io-1949cf8c6b5b557f/indexmap-2.14.0/Cargo.toml","target":{"kind":["lib"],"crate_types":["lib"],"name":"indexmap","src_path":"/home/runner/.cargo/registry/src/index.crates.io-1949cf8c6b5b557f/indexmap-2.14.0/src/lib.rs","edition":"2024","doc":true,"doctest":true,"test":true},"profile":{"opt_level":"0","debuginfo":0,"debug_assertions":false,"overflow_checks":true,"test":false},"features":["default","std"],"filenames":["/home/runner/work/_temp/microbit-motion-ab-36715551022-1/target-baseline/release/deps/libindexmap-e5b5a8197a88fcbc.rlib","/home/runner/work/_temp/microbit-motion-ab-36715551022-1/target-baseline/release/deps/libindexmap-e5b5a8197a88fcbc.rmeta"],"executable":null,"fresh":false}
[1m[92m   Compiling[0m leb128fmt v0.1.0
{"reason":"compiler-artifact","package_id":"registry+https://github.com/rust-lang/crates.io-index#leb128fmt@0.1.0","manifest_path":"/home/runner/.cargo/registry/src/index.crates.io-1949cf8c6b5b557f/leb128fmt-0.1.0/Cargo.toml","target":{"kind":["lib"],"crate_types":["lib"],"name":"leb128fmt","src_path":"/home/runner/.cargo/registry/src/index.crates.io-1949cf8c6b5b557f/leb128fmt-0.1.0/src/lib.rs","edition":"2021","doc":true,"doctest":true,"test":true},"profile":{"opt_level":"0","debuginfo":0,"debug_assertions":false,"overflow_checks":true,"test":false},"features":[],"filenames":["/home/runner/work/_temp/microbit-motion-ab-36715551022-1/target-baseline/release/deps/libleb128fmt-5a7d946865d03455.rlib","/home/runner/work/_temp/microbit-motion-ab-36715551022-1/target-baseline/release/deps/libleb128fmt-5a7d946865d03455.rmeta"],"executable":null,"fresh":false}
[1m[92m   Compiling[0m fixedbitset v0.4.2
{"reason":"compiler-artifact","package_id":"registry+https://github.com/rust-lang/crates.io-index#fixedbitset@0.4.2","manifest_path":"/home/runner/.cargo/registry/src/index.crates.io-1949cf8c6b5b557f/fixedbitset-0.4.2/Cargo.toml","target":{"kind":["lib"],"crate_types":["lib"],"name":"fixedbitset","src_path":"/home/runner/.cargo/registry/src/index.crates.io-1949cf8c6b5b557f/fixedbitset-0.4.2/src/lib.rs","edition":"2015","doc":true,"doctest":true,"test":true},"profile":{"opt_level":"0","debuginfo":0,"debug_assertions":false,"overflow_checks":true,"test":false},"features":[],"filenames":["/home/runner/work/_temp/microbit-motion-ab-36715551022-1/target-baseline/release/deps/libfixedbitset-dbaf91b54c0857a1.rlib","/home/runner/work/_temp/microbit-motion-ab-36715551022-1/target-baseline/release/deps/libfixedbitset-dbaf91b54c0857a1.rmeta"],"executable":null,"fresh":false}
[1m[92m   Compiling[0m serde_json v1.0.149
{"reason":"compiler-artifact","package_id":"registry+https://github.com/rust-lang/crates.io-index#serde_json@1.0.149","manifest_path":"/home/runner/.cargo/registry/src/index.crates.io-1949cf8c6b5b557f/serde_json-1.0.149/Cargo.toml","target":{"kind":["custom-build"],"crate_types":["bin"],"name":"build-script-build","src_path":"/home/runner/.cargo/registry/src/index.crates.io-1949cf8c6b5b557f/serde_json-1.0.149/build.rs","edition":"2021","doc":false,"doctest":false,"test":false},"profile":{"opt_level":"0","debuginfo":0,"debug_assertions":false,"overflow_checks":true,"test":false},"features":["default","std"],"filenames":["/home/runner/work/_temp/microbit-motion-ab-36715551022-1/target-baseline/release/build/serde_json-ef658e235d50526a/build-script-build"],"executable":null,"fresh":false}
[1m[92m   Compiling[0m bit-vec v0.6.3
{"reason":"compiler-artifact","package_id":"registry+https://github.com/rust-lang/crates.io-index#regex@1.12.3","manifest_path":"/home/runner/.cargo/registry/src/index.crates.io-1949cf8c6b5b557f/regex-1.12.3/Cargo.toml","target":{"kind":["lib"],"crate_types":["lib"],"name":"regex","src_path":"/home/runner/.cargo/registry/src/index.crates.io-1949cf8c6b5b557f/regex-1.12.3/src/lib.rs","edition":"2021","doc":true,"doctest":true,"test":true},"profile":{"opt_level":"3","debuginfo":2,"debug_assertions":false,"overflow_checks":true,"test":false},"features":["default","perf","perf-backtrack","perf-cache","perf-dfa","perf-inline","perf-literal","perf-onepass","std","unicode","unicode-age","unicode-bool","unicode-case","unicode-gencat","unicode-perl","unicode-script","unicode-segment"],"filenames":["/home/runner/work/_temp/microbit-motion-ab-36715551022-1/target-baseline/release/deps/libregex-dca03c3d00de63f1.rlib","/home/runner/work/_temp/microbit-motion-ab-36715551022-1/target-baseline/release/deps/libregex-dca03c3d00de63f1.rmeta"],"executable":null,"fresh":false}
[1m[92m   Compiling[0m base16ct v0.2.0
{"reason":"compiler-artifact","package_id":"registry+https://github.com/rust-lang/crates.io-index#bit-vec@0.6.3","manifest_path":"/home/runner/.cargo/registry/src/index.crates.io-1949cf8c6b5b557f/bit-vec-0.6.3/Cargo.toml","target":{"kind":["lib"],"crate_types":["lib"],"name":"bit_vec","src_path":"/home/runner/.cargo/registry/src/index.crates.io-1949cf8c6b5b557f/bit-vec-0.6.3/src/lib.rs","edition":"2015","doc":true,"doctest":true,"test":true},"profile":{"opt_level":"0","debuginfo":0,"debug_assertions":false,"overflow_checks":true,"test":false},"features":[],"filenames":["/home/runner/work/_temp/microbit-motion-ab-36715551022-1/target-baseline/release/deps/libbit_vec-9cd31b3bcd9188a1.rlib","/home/runner/work/_temp/microbit-motion-ab-36715551022-1/target-baseline/release/deps/libbit_vec-9cd31b3bcd9188a1.rmeta"],"executable":null,"fresh":false}
[1m[92m   Compiling[0m itoa v1.0.18
{"reason":"compiler-artifact","package_id":"registry+https://github.com/rust-lang/crates.io-index#base16ct@0.2.0","manifest_path":"/home/runner/.cargo/registry/src/index.crates.io-1949cf8c6b5b557f/base16ct-0.2.0/Cargo.toml","target":{"kind":["lib"],"crate_types":["lib"],"name":"base16ct","src_path":"/home/runner/.cargo/registry/src/index.crates.io-1949cf8c6b5b557f/base16ct-0.2.0/src/lib.rs","edition":"2021","doc":true,"doctest":true,"test":true},"profile":{"opt_level":"3","debuginfo":2,"debug_assertions":false,"overflow_checks":true,"test":false},"features":[],"filenames":["/home/runner/work/_temp/microbit-motion-ab-36715551022-1/target-baseline/release/deps/libbase16ct-17a93bdaedba2fb5.rlib","/home/runner/work/_temp/microbit-motion-ab-36715551022-1/target-baseline/release/deps/libbase16ct-17a93bdaedba2fb5.rmeta"],"executable":null,"fresh":false}
[1m[92m   Compiling[0m either v1.15.0
{"reason":"compiler-artifact","package_id":"registry+https://github.com/rust-lang/crates.io-index#itoa@1.0.18","manifest_path":"/home/runner/.cargo/registry/src/index.crates.io-1949cf8c6b5b557f/itoa-1.0.18/Cargo.toml","target":{"kind":["lib"],"crate_types":["lib"],"name":"itoa","src_path":"/home/runner/.cargo/registry/src/index.crates.io-1949cf8c6b5b557f/itoa-1.0.18/src/lib.rs","edition":"2021","doc":true,"doctest":true,"test":true},"profile":{"opt_level":"3","debuginfo":2,"debug_assertions":false,"overflow_checks":true,"test":false},"features":[],"filenames":["/home/runner/work/_temp/microbit-motion-ab-36715551022-1/target-baseline/release/deps/libitoa-4c218b68565406fd.rlib","/home/runner/work/_temp/microbit-motion-ab-36715551022-1/target-baseline/release/deps/libitoa-4c218b68565406fd.rmeta"],"executable":null,"fresh":false}
[1m[92m   Compiling[0m anyhow v1.0.102
{"reason":"compiler-artifact","package_id":"registry+https://github.com/rust-lang/crates.io-index#either@1.15.0","manifest_path":"/home/runner/.cargo/registry/src/index.crates.io-1949cf8c6b5b557f/either-1.15.0/Cargo.toml","target":{"kind":["lib"],"crate_types":["lib"],"name":"either","src_path":"/home/runner/.cargo/registry/src/index.crates.io-1949cf8c6b5b557f/either-1.15.0/src/lib.rs","edition":"2021","doc":true,"doctest":true,"test":true},"profile":{"opt_level":"0","debuginfo":0,"debug_assertions":false,"overflow_checks":true,"test":false},"features":["std","use_std"],"filenames":["/home/runner/work/_temp/microbit-motion-ab-36715551022-1/target-baseline/release/deps/libeither-4b2e94ccba2106f2.rlib","/home/runner/work/_temp/microbit-motion-ab-36715551022-1/target-baseline/release/deps/libeither-4b2e94ccba2106f2.rmeta"],"executable":null,"fresh":false}
[1m[92m   Compiling[0m log v0.4.29
{"reason":"compiler-artifact","package_id":"registry+https://github.com/rust-lang/crates.io-index#log@0.4.29","manifest_path":"/home/runner/.cargo/registry/src/index.crates.io-1949cf8c6b5b557f/log-0.4.29/Cargo.toml","target":{"kind":["lib"],"crate_types":["lib"],"name":"log","src_path":"/home/runner/.cargo/registry/src/index.crates.io-1949cf8c6b5b557f/log-0.4.29/src/lib.rs","edition":"2021","doc":true,"doctest":true,"test":true},"profile":{"opt_level":"0","debuginfo":0,"debug_assertions":false,"overflow_checks":true,"test":false},"features":[],"filenames":["/home/runner/work/_temp/microbit-motion-ab-36715551022-1/target-baseline/release/deps/liblog-37f498993ad79d36.rlib","/home/runner/work/_temp/microbit-motion-ab-36715551022-1/target-baseline/release/deps/liblog-37f498993ad79d36.rmeta"],"executable":null,"fresh":false}
[1m[92m   Compiling[0m new_debug_unreachable v1.0.6
{"reason":"compiler-artifact","package_id":"registry+https://github.com/rust-lang/crates.io-index#new_debug_unreachable@1.0.6","manifest_path":"/home/runner/.cargo/registry/src/index.crates.io-1949cf8c6b5b557f/new_debug_unreachable-1.0.6/Cargo.toml","target":{"kind":["lib"],"crate_types":["lib"],"name":"debug_unreachable","src_path":"/home/runner/.cargo/registry/src/index.crates.io-1949cf8c6b5b557f/new_debug_unreachable-1.0.6/src/lib.rs","edition":"2021","doc":true,"doctest":true,"test":true},"profile":{"opt_level":"0","debuginfo":0,"debug_assertions":false,"overflow_checks":true,"test":false},"features":[],"filenames":["/home/runner/work/_temp/microbit-motion-ab-36715551022-1/target-baseline/release/deps/libdebug_unreachable-413a51516f1f4659.rlib","/home/runner/work/_temp/microbit-motion-ab-36715551022-1/target-baseline/release/deps/libdebug_unreachable-413a51516f1f4659.rmeta"],"executable":null,"fresh":false}
[1m[92m   Compiling[0m precomputed-hash v0.1.1
{"reason":"compiler-artifact","package_id":"registry+https://github.com/rust-lang/crates.io-index#anyhow@1.0.102","manifest_path":"/home/runner/.cargo/registry/src/index.crates.io-1949cf8c6b5b557f/anyhow-1.0.102/Cargo.toml","target":{"kind":["custom-build"],"crate_types":["bin"],"name":"build-script-build","src_path":"/home/runner/.cargo/registry/src/index.crates.io-1949cf8c6b5b557f/anyhow-1.0.102/build.rs","edition":"2021","doc":false,"doctest":false,"test":false},"profile":{"opt_level":"0","debuginfo":0,"debug_assertions":false,"overflow_checks":true,"test":false},"features":["default","std"],"filenames":["/home/runner/work/_temp/microbit-motion-ab-36715551022-1/target-baseline/release/build/anyhow-80791a9333d160e8/build-script-build"],"executable":null,"fresh":false}
{"reason":"compiler-artifact","package_id":"registry+https://github.com/rust-lang/crates.io-index#precomputed-hash@0.1.1","manifest_path":"/home/runner/.cargo/registry/src/index.crates.io-1949cf8c6b5b557f/precomputed-hash-0.1.1/Cargo.toml","target":{"kind":["lib"],"crate_types":["lib"],"name":"precomputed_hash","src_path":"/home/runner/.cargo/registry/src/index.crates.io-1949cf8c6b5b557f/precomputed-hash-0.1.1/src/lib.rs","edition":"2015","doc":true,"doctest":true,"test":true},"profile":{"opt_level":"0","debuginfo":0,"debug_assertions":false,"overflow_checks":true,"test":false},"features":[],"filenames":["/home/runner/work/_temp/microbit-motion-ab-36715551022-1/target-baseline/release/deps/libprecomputed_hash-a94cf08899571716.rlib","/home/runner/work/_temp/microbit-motion-ab-36715551022-1/target-baseline/release/deps/libprecomputed_hash-a94cf08899571716.rmeta"],"executable":null,"fresh":false}
[1m[92m   Compiling[0m string_cache v0.8.9
{"reason":"build-script-executed","package_id":"registry+https://github.com/rust-lang/crates.io-index#anyhow@1.0.102","linked_libs":[],"linked_paths":[],"cfgs":[],"env":[],"out_dir":"/home/runner/work/_temp/microbit-motion-ab-36715551022-1/target-baseline/release/build/anyhow-a167a33e713fe37b/out"}
[1m[92m   Compiling[0m ena v0.14.4
{"reason":"compiler-artifact","package_id":"registry+https://github.com/rust-lang/crates.io-index#string_cache@0.8.9","manifest_path":"/home/runner/.cargo/registry/src/index.crates.io-1949cf8c6b5b557f/string_cache-0.8.9/Cargo.toml","target":{"kind":["lib"],"crate_types":["lib"],"name":"string_cache","src_path":"/home/runner/.cargo/registry/src/index.crates.io-1949cf8c6b5b557f/string_cache-0.8.9/src/lib.rs","edition":"2018","doc":true,"doctest":true,"test":true},"profile":{"opt_level":"0","debuginfo":0,"debug_assertions":false,"overflow_checks":true,"test":false},"features":[],"filenames":["/home/runner/work/_temp/microbit-motion-ab-36715551022-1/target-baseline/release/deps/libstring_cache-9fed9e2aaf011a33.rlib","/home/runner/work/_temp/microbit-motion-ab-36715551022-1/target-baseline/release/deps/libstring_cache-9fed9e2aaf011a33.rmeta"],"executable":null,"fresh":false}
[1m[92m   Compiling[0m itertools v0.10.5
{"reason":"compiler-artifact","package_id":"registry+https://github.com/rust-lang/crates.io-index#ena@0.14.4","manifest_path":"/home/runner/.cargo/registry/src/index.crates.io-1949cf8c6b5b557f/ena-0.14.4/Cargo.toml","target":{"kind":["lib"],"crate_types":["lib"],"name":"ena","src_path":"/home/runner/.cargo/registry/src/index.crates.io-1949cf8c6b5b557f/ena-0.14.4/src/lib.rs","edition":"2015","doc":true,"doctest":true,"test":true},"profile":{"opt_level":"0","debuginfo":0,"debug_assertions":false,"overflow_checks":true,"test":false},"features":[],"filenames":["/home/runner/work/_temp/microbit-motion-ab-36715551022-1/target-baseline/release/deps/libena-e082573a46e534f6.rlib","/home/runner/work/_temp/microbit-motion-ab-36715551022-1/target-baseline/release/deps/libena-e082573a46e534f6.rmeta"],"executable":null,"fresh":false}
[1m[92m   Compiling[0m sec1 v0.7.3
{"reason":"compiler-artifact","package_id":"registry+https://github.com/rust-lang/crates.io-index#der@0.7.10","manifest_path":"/home/runner/.cargo/registry/src/index.crates.io-1949cf8c6b5b557f/der-0.7.10/Cargo.toml","target":{"kind":["lib"],"crate_types":["lib"],"name":"der","src_path":"/home/runner/.cargo/registry/src/index.crates.io-1949cf8c6b5b557f/der-0.7.10/src/lib.rs","edition":"2021","doc":true,"doctest":true,"test":true},"profile":{"opt_level":"3","debuginfo":2,"debug_assertions":false,"overflow_checks":true,"test":false},"features":["oid","zeroize"],"filenames":["/home/runner/work/_temp/microbit-motion-ab-36715551022-1/target-baseline/release/deps/libder-7258a23b0b0c7ebe.rlib","/home/runner/work/_temp/microbit-motion-ab-36715551022-1/target-baseline/release/deps/libder-7258a23b0b0c7ebe.rmeta"],"executable":null,"fresh":false}
[1m[92m   Compiling[0m bit-set v0.5.3
{"reason":"compiler-artifact","package_id":"registry+https://github.com/rust-lang/crates.io-index#bit-set@0.5.3","manifest_path":"/home/runner/.cargo/registry/src/index.crates.io-1949cf8c6b5b557f/bit-set-0.5.3/Cargo.toml","target":{"kind":["lib"],"crate_types":["lib"],"name":"bit_set","src_path":"/home/runner/.cargo/registry/src/index.crates.io-1949cf8c6b5b557f/bit-set-0.5.3/src/lib.rs","edition":"2015","doc":true,"doctest":true,"test":true},"profile":{"opt_level":"0","debuginfo":0,"debug_assertions":false,"overflow_checks":true,"test":false},"features":[],"filenames":["/home/runner/work/_temp/microbit-motion-ab-36715551022-1/target-baseline/release/deps/libbit_set-4435ce7c777c5b88.rlib","/home/runner/work/_temp/microbit-motion-ab-36715551022-1/target-baseline/release/deps/libbit_set-4435ce7c777c5b88.rmeta"],"executable":null,"fresh":false}
{"reason":"build-script-executed","package_id":"registry+https://github.com/rust-lang/crates.io-index#serde_json@1.0.149","linked_libs":[],"linked_paths":[],"cfgs":["fast_arithmetic=\"64\""],"env":[],"out_dir":"/home/runner/work/_temp/microbit-motion-ab-36715551022-1/target-baseline/release/build/serde_json-53b706071e50569c/out"}
[1m[92m   Compiling[0m petgraph v0.6.5
{"reason":"compiler-artifact","package_id":"registry+https://github.com/rust-lang/crates.io-index#sec1@0.7.3","manifest_path":"/home/runner/.cargo/registry/src/index.crates.io-1949cf8c6b5b557f/sec1-0.7.3/Cargo.toml","target":{"kind":["lib"],"crate_types":["lib"],"name":"sec1","src_path":"/home/runner/.cargo/registry/src/index.crates.io-1949cf8c6b5b557f/sec1-0.7.3/src/lib.rs","edition":"2021","doc":true,"doctest":true,"test":true},"profile":{"opt_level":"3","debuginfo":2,"debug_assertions":false,"overflow_checks":true,"test":false},"features":["default","der","point","subtle","zeroize"],"filenames":["/home/runner/work/_temp/microbit-motion-ab-36715551022-1/target-baseline/release/deps/libsec1-68d37764774ab16b.rlib","/home/runner/work/_temp/microbit-motion-ab-36715551022-1/target-baseline/release/deps/libsec1-68d37764774ab16b.rmeta"],"executable":null,"fresh":false}
[1m[92m   Compiling[0m wasm-encoder v0.250.0
{"reason":"compiler-artifact","package_id":"registry+https://github.com/rust-lang/crates.io-index#itertools@0.10.5","manifest_path":"/home/runner/.cargo/registry/src/index.crates.io-1949cf8c6b5b557f/itertools-0.10.5/Cargo.toml","target":{"kind":["lib"],"crate_types":["lib"],"name":"itertools","src_path":"/home/runner/.cargo/registry/src/index.crates.io-1949cf8c6b5b557f/itertools-0.10.5/src/lib.rs","edition":"2018","doc":true,"doctest":true,"test":false},"profile":{"opt_level":"0","debuginfo":0,"debug_assertions":false,"overflow_checks":true,"test":false},"features":["use_alloc","use_std"],"filenames":["/home/runner/work/_temp/microbit-motion-ab-36715551022-1/target-baseline/release/deps/libitertools-698c7943cf2e9446.rlib","/home/runner/work/_temp/microbit-motion-ab-36715551022-1/target-baseline/release/deps/libitertools-698c7943cf2e9446.rmeta"],"executable":null,"fresh":false}
[1m[92m   Compiling[0m group v0.13.0
{"reason":"compiler-artifact","package_id":"registry+https://github.com/rust-lang/crates.io-index#group@0.13.0","manifest_path":"/home/runner/.cargo/registry/src/index.crates.io-1949cf8c6b5b557f/group-0.13.0/Cargo.toml","target":{"kind":["lib"],"crate_types":["lib"],"name":"group","src_path":"/home/runner/.cargo/registry/src/index.crates.io-1949cf8c6b5b557f/group-0.13.0/src/lib.rs","edition":"2021","doc":true,"doctest":true,"test":true},"profile":{"opt_level":"3","debuginfo":2,"debug_assertions":false,"overflow_checks":true,"test":false},"features":[],"filenames":["/home/runner/work/_temp/microbit-motion-ab-36715551022-1/target-baseline/release/deps/libgroup-fd633a7507105e8c.rlib","/home/runner/work/_temp/microbit-motion-ab-36715551022-1/target-baseline/release/deps/libgroup-fd633a7507105e8c.rmeta"],"executable":null,"fresh":false}
[1m[92m   Compiling[0m lalrpop-util v0.19.12
{"reason":"compiler-artifact","package_id":"registry+https://github.com/rust-lang/crates.io-index#lalrpop-util@0.19.12","manifest_path":"/home/runner/.cargo/registry/src/index.crates.io-1949cf8c6b5b557f/lalrpop-util-0.19.12/Cargo.toml","target":{"kind":["lib"],"crate_types":["lib"],"name":"lalrpop_util","src_path":"/home/runner/.cargo/registry/src/index.crates.io-1949cf8c6b5b557f/lalrpop-util-0.19.12/src/lib.rs","edition":"2018","doc":true,"doctest":true,"test":true},"profile":{"opt_level":"0","debuginfo":0,"debug_assertions":false,"overflow_checks":true,"test":false},"features":["default","lexer","regex","std"],"filenames":["/home/runner/work/_temp/microbit-motion-ab-36715551022-1/target-baseline/release/deps/liblalrpop_util-1db5453847e1cf13.rlib","/home/runner/work/_temp/microbit-motion-ab-36715551022-1/target-baseline/release/deps/liblalrpop_util-1db5453847e1cf13.rmeta"],"executable":null,"fresh":false}
{"reason":"compiler-artifact","package_id":"registry+https://github.com/rust-lang/crates.io-index#petgraph@0.6.5","manifest_path":"/home/runner/.cargo/registry/src/index.crates.io-1949cf8c6b5b557f/petgraph-0.6.5/Cargo.toml","target":{"kind":["lib"],"crate_types":["lib"],"name":"petgraph","src_path":"/home/runner/.cargo/registry/src/index.crates.io-1949cf8c6b5b557f/petgraph-0.6.5/src/lib.rs","edition":"2018","doc":true,"doctest":true,"test":true},"profile":{"opt_level":"0","debuginfo":0,"debug_assertions":false,"overflow_checks":true,"test":false},"features":[],"filenames":["/home/runner/work/_temp/microbit-motion-ab-36715551022-1/target-baseline/release/deps/libpetgraph-844b1ac7019db525.rlib","/home/runner/work/_temp/microbit-motion-ab-36715551022-1/target-baseline/release/deps/libpetgraph-844b1ac7019db525.rmeta"],"executable":null,"fresh":false}
[1m[92m   Compiling[0m ascii-canvas v3.0.0
{"reason":"compiler-artifact","package_id":"registry+https://github.com/rust-lang/crates.io-index#tiny-keccak@2.0.2","manifest_path":"/home/runner/.cargo/registry/src/index.crates.io-1949cf8c6b5b557f/tiny-keccak-2.0.2/Cargo.toml","target":{"kind":["lib"],"crate_types":["lib"],"name":"tiny_keccak","src_path":"/home/runner/.cargo/registry/src/index.crates.io-1949cf8c6b5b557f/tiny-keccak-2.0.2/src/lib.rs","edition":"2018","doc":true,"doctest":true,"test":true},"profile":{"opt_level":"0","debuginfo":0,"debug_assertions":false,"overflow_checks":true,"test":false},"features":["default","sha3"],"filenames":["/home/runner/work/_temp/microbit-motion-ab-36715551022-1/target-baseline/release/deps/libtiny_keccak-58a0256dd8733224.rlib","/home/runner/work/_temp/microbit-motion-ab-36715551022-1/target-baseline/release/deps/libtiny_keccak-58a0256dd8733224.rmeta"],"executable":null,"fresh":false}
{"reason":"compiler-artifact","package_id":"registry+https://github.com/rust-lang/crates.io-index#ascii-canvas@3.0.0","manifest_path":"/home/runner/.cargo/registry/src/index.crates.io-1949cf8c6b5b557f/ascii-canvas-3.0.0/Cargo.toml","target":{"kind":["lib"],"crate_types":["lib"],"name":"ascii_canvas","src_path":"/home/runner/.cargo/registry/src/index.crates.io-1949cf8c6b5b557f/ascii-canvas-3.0.0/src/lib.rs","edition":"2018","doc":true,"doctest":true,"test":true},"profile":{"opt_level":"0","debuginfo":0,"debug_assertions":false,"overflow_checks":true,"test":false},"features":[],"filenames":["/home/runner/work/_temp/microbit-motion-ab-36715551022-1/target-baseline/release/deps/libascii_canvas-39281c6171771ee2.rlib","/home/runner/work/_temp/microbit-motion-ab-36715551022-1/target-baseline/release/deps/libascii_canvas-39281c6171771ee2.rmeta"],"executable":null,"fresh":false}
{"reason":"compiler-artifact","package_id":"registry+https://github.com/rust-lang/crates.io-index#wasm-encoder@0.250.0","manifest_path":"/home/runner/.cargo/registry/src/index.crates.io-1949cf8c6b5b557f/wasm-encoder-0.250.0/Cargo.toml","target":{"kind":["lib"],"crate_types":["lib"],"name":"wasm_encoder","src_path":"/home/runner/.cargo/registry/src/index.crates.io-1949cf8c6b5b557f/wasm-encoder-0.250.0/src/lib.rs","edition":"2024","doc":true,"doctest":true,"test":true},"profile":{"opt_level":"0","debuginfo":0,"debug_assertions":false,"overflow_checks":true,"test":false},"features":["component-model","std"],"filenames":["/home/runner/work/_temp/microbit-motion-ab-36715551022-1/target-baseline/release/deps/libwasm_encoder-a7051e70071b4d50.rlib","/home/runner/work/_temp/microbit-motion-ab-36715551022-1/target-baseline/release/deps/libwasm_encoder-a7051e70071b4d50.rmeta"],"executable":null,"fresh":false}
[1m[92m   Compiling[0m crypto-bigint v0.5.5
{"reason":"compiler-artifact","package_id":"registry+https://github.com/rust-lang/crates.io-index#zmij@1.0.21","manifest_path":"/home/runner/.cargo/registry/src/index.crates.io-1949cf8c6b5b557f/zmij-1.0.21/Cargo.toml","target":{"kind":["lib"],"crate_types":["lib"],"name":"zmij","src_path":"/home/runner/.cargo/registry/src/index.crates.io-1949cf8c6b5b557f/zmij-1.0.21/src/lib.rs","edition":"2021","doc":true,"doctest":true,"test":true},"profile":{"opt_level":"3","debuginfo":2,"debug_assertions":false,"overflow_checks":true,"test":false},"features":[],"filenames":["/home/runner/work/_temp/microbit-motion-ab-36715551022-1/target-baseline/release/deps/libzmij-ad6c39703ffd8e2d.rlib","/home/runner/work/_temp/microbit-motion-ab-36715551022-1/target-baseline/release/deps/libzmij-ad6c39703ffd8e2d.rmeta"],"executable":null,"fresh":false}
[1m[92m   Compiling[0m is-terminal v0.4.17
{"reason":"compiler-artifact","package_id":"registry+https://github.com/rust-lang/crates.io-index#is-terminal@0.4.17","manifest_path":"/home/runner/.cargo/registry/src/index.crates.io-1949cf8c6b5b557f/is-terminal-0.4.17/Cargo.toml","target":{"kind":["lib"],"crate_types":["lib"],"name":"is_terminal","src_path":"/home/runner/.cargo/registry/src/index.crates.io-1949cf8c6b5b557f/is-terminal-0.4.17/src/lib.rs","edition":"2018","doc":true,"doctest":true,"test":true},"profile":{"opt_level":"0","debuginfo":0,"debug_assertions":false,"overflow_checks":true,"test":false},"features":[],"filenames":["/home/runner/work/_temp/microbit-motion-ab-36715551022-1/target-baseline/release/deps/libis_terminal-1d8e3e53e335a8aa.rlib","/home/runner/work/_temp/microbit-motion-ab-36715551022-1/target-baseline/release/deps/libis_terminal-1d8e3e53e335a8aa.rmeta"],"executable":null,"fresh":false}
{"reason":"build-script-executed","package_id":"registry+https://github.com/rust-lang/crates.io-index#libc@0.2.186","linked_libs":[],"linked_paths":[],"cfgs":["freebsd12"],"env":[],"out_dir":"/home/runner/work/_temp/microbit-motion-ab-36715551022-1/target-baseline/release/build/libc-7e4a4b56d683162d/out"}
[1m[92m   Compiling[0m paste v1.0.15
{"reason":"compiler-artifact","package_id":"registry+https://github.com/rust-lang/crates.io-index#paste@1.0.15","manifest_path":"/home/runner/.cargo/registry/src/index.crates.io-1949cf8c6b5b557f/paste-1.0.15/Cargo.toml","target":{"kind":["custom-build"],"crate_types":["bin"],"name":"build-script-build","src_path":"/home/runner/.cargo/registry/src/index.crates.io-1949cf8c6b5b557f/paste-1.0.15/build.rs","edition":"2018","doc":false,"doctest":false,"test":false},"profile":{"opt_level":"0","debuginfo":0,"debug_assertions":false,"overflow_checks":true,"test":false},"features":[],"filenames":["/home/runner/work/_temp/microbit-motion-ab-36715551022-1/target-baseline/release/build/paste-fe6c58aa64bed69a/build-script-build"],"executable":null,"fresh":false}
[1m[92m   Compiling[0m bumpalo v3.20.2
{"reason":"compiler-artifact","package_id":"registry+https://github.com/rust-lang/crates.io-index#bumpalo@3.20.2","manifest_path":"/home/runner/.cargo/registry/src/index.crates.io-1949cf8c6b5b557f/bumpalo-3.20.2/Cargo.toml","target":{"kind":["lib"],"crate_types":["lib"],"name":"bumpalo","src_path":"/home/runner/.cargo/registry/src/index.crates.io-1949cf8c6b5b557f/bumpalo-3.20.2/src/lib.rs","edition":"2021","doc":true,"doctest":true,"test":true},"profile":{"opt_level":"0","debuginfo":0,"debug_assertions":false,"overflow_checks":true,"test":false},"features":["default"],"filenames":["/home/runner/work/_temp/microbit-motion-ab-36715551022-1/target-baseline/release/deps/libbumpalo-3b5d794acee8de17.rlib","/home/runner/work/_temp/microbit-motion-ab-36715551022-1/target-baseline/release/deps/libbumpalo-3b5d794acee8de17.rmeta"],"executable":null,"fresh":false}
[1m[92m   Compiling[0m unicode-xid v0.2.6
{"reason":"compiler-artifact","package_id":"registry+https://github.com/rust-lang/crates.io-index#unicode-xid@0.2.6","manifest_path":"/home/runner/.cargo/registry/src/index.crates.io-1949cf8c6b5b557f/unicode-xid-0.2.6/Cargo.toml","target":{"kind":["lib"],"crate_types":["lib"],"name":"unicode_xid","src_path":"/home/runner/.cargo/registry/src/index.crates.io-1949cf8c6b5b557f/unicode-xid-0.2.6/src/lib.rs","edition":"2015","doc":true,"doctest":true,"test":true},"profile":{"opt_level":"0","debuginfo":0,"debug_assertions":false,"overflow_checks":true,"test":false},"features":[],"filenames":["/home/runner/work/_temp/microbit-motion-ab-36715551022-1/target-baseline/release/deps/libunicode_xid-15f5f6589481eb88.rlib","/home/runner/work/_temp/microbit-motion-ab-36715551022-1/target-baseline/release/deps/libunicode_xid-15f5f6589481eb88.rmeta"],"executable":null,"fresh":false}
[1m[92m   Compiling[0m crc32fast v1.5.0
{"reason":"compiler-artifact","package_id":"registry+https://github.com/rust-lang/crates.io-index#crc32fast@1.5.0","manifest_path":"/home/runner/.cargo/registry/src/index.crates.io-1949cf8c6b5b557f/crc32fast-1.5.0/Cargo.toml","target":{"kind":["custom-build"],"crate_types":["bin"],"name":"build-script-build","src_path":"/home/runner/.cargo/registry/src/index.crates.io-1949cf8c6b5b557f/crc32fast-1.5.0/build.rs","edition":"2021","doc":false,"doctest":false,"test":false},"profile":{"opt_level":"0","debuginfo":0,"debug_assertions":false,"overflow_checks":true,"test":false},"features":["default","std"],"filenames":["/home/runner/work/_temp/microbit-motion-ab-36715551022-1/target-baseline/release/build/crc32fast-8f30ef909102356b/build-script-build"],"executable":null,"fresh":false}
[1m[92m   Compiling[0m unsafe-libyaml v0.2.11
{"reason":"compiler-artifact","package_id":"registry+https://github.com/rust-lang/crates.io-index#regex-automata@0.4.14","manifest_path":"/home/runner/.cargo/registry/src/index.crates.io-1949cf8c6b5b557f/regex-automata-0.4.14/Cargo.toml","target":{"kind":["lib"],"crate_types":["lib"],"name":"regex_automata","src_path":"/home/runner/.cargo/registry/src/index.crates.io-1949cf8c6b5b557f/regex-automata-0.4.14/src/lib.rs","edition":"2021","doc":true,"doctest":true,"test":true},"profile":{"opt_level":"3","debuginfo":2,"debug_assertions":false,"overflow_checks":true,"test":false},"features":["alloc","dfa-onepass","hybrid","meta","nfa-backtrack","nfa-pikevm","nfa-thompson","perf-inline","perf-literal","perf-literal-multisubstring","perf-literal-substring","std","syntax","unicode","unicode-age","unicode-bool","unicode-case","unicode-gencat","unicode-perl","unicode-script","unicode-segment","unicode-word-boundary"],"filenames":["/home/runner/work/_temp/microbit-motion-ab-36715551022-1/target-baseline/release/deps/libregex_automata-8b6cda53c8688a25.rlib","/home/runner/work/_temp/microbit-motion-ab-36715551022-1/target-baseline/release/deps/libregex_automata-8b6cda53c8688a25.rmeta"],"executable":null,"fresh":false}
[1m[92m   Compiling[0m diff v0.1.13
{"reason":"compiler-artifact","package_id":"registry+https://github.com/rust-lang/crates.io-index#diff@0.1.13","manifest_path":"/home/runner/.cargo/registry/src/index.crates.io-1949cf8c6b5b557f/diff-0.1.13/Cargo.toml","target":{"kind":["lib"],"crate_types":["lib"],"name":"diff","src_path":"/home/runner/.cargo/registry/src/index.crates.io-1949cf8c6b5b557f/diff-0.1.13/src/lib.rs","edition":"2015","doc":true,"doctest":true,"test":true},"profile":{"opt_level":"0","debuginfo":0,"debug_assertions":false,"overflow_checks":true,"test":false},"features":[],"filenames":["/home/runner/work/_temp/microbit-motion-ab-36715551022-1/target-baseline/release/deps/libdiff-e45225b900e66bf9.rlib","/home/runner/work/_temp/microbit-motion-ab-36715551022-1/target-baseline/release/deps/libdiff-e45225b900e66bf9.rmeta"],"executable":null,"fresh":false}
[1m[92m   Compiling[0m ryu v1.0.23
{"reason":"compiler-artifact","package_id":"registry+https://github.com/rust-lang/crates.io-index#ryu@1.0.23","manifest_path":"/home/runner/.cargo/registry/src/index.crates.io-1949cf8c6b5b557f/ryu-1.0.23/Cargo.toml","target":{"kind":["lib"],"crate_types":["lib"],"name":"ryu","src_path":"/home/runner/.cargo/registry/src/index.crates.io-1949cf8c6b5b557f/ryu-1.0.23/src/lib.rs","edition":"2021","doc":true,"doctest":true,"test":true},"profile":{"opt_level":"3","debuginfo":2,"debug_assertions":false,"overflow_checks":true,"test":false},"features":[],"filenames":["/home/runner/work/_temp/microbit-motion-ab-36715551022-1/target-baseline/release/deps/libryu-fa9ac08e18d257fe.rlib","/home/runner/work/_temp/microbit-motion-ab-36715551022-1/target-baseline/release/deps/libryu-fa9ac08e18d257fe.rmeta"],"executable":null,"fresh":false}
[1m[92m   Compiling[0m regex-syntax v0.6.29
{"reason":"compiler-artifact","package_id":"registry+https://github.com/rust-lang/crates.io-index#crypto-bigint@0.5.5","manifest_path":"/home/runner/.cargo/registry/src/index.crates.io-1949cf8c6b5b557f/crypto-bigint-0.5.5/Cargo.toml","target":{"kind":["lib"],"crate_types":["lib"],"name":"crypto_bigint","src_path":"/home/runner/.cargo/registry/src/index.crates.io-1949cf8c6b5b557f/crypto-bigint-0.5.5/src/lib.rs","edition":"2021","doc":true,"doctest":true,"test":true},"profile":{"opt_level":"3","debuginfo":2,"debug_assertions":false,"overflow_checks":true,"test":false},"features":["generic-array","rand_core","zeroize"],"filenames":["/home/runner/work/_temp/microbit-motion-ab-36715551022-1/target-baseline/release/deps/libcrypto_bigint-7c425d21a4116c93.rlib","/home/runner/work/_temp/microbit-motion-ab-36715551022-1/target-baseline/release/deps/libcrypto_bigint-7c425d21a4116c93.rmeta"],"executable":null,"fresh":false}
[1m[92m   Compiling[0m unicode-width v0.2.2
{"reason":"compiler-artifact","package_id":"registry+https://github.com/rust-lang/crates.io-index#unicode-width@0.2.2","manifest_path":"/home/runner/.cargo/registry/src/index.crates.io-1949cf8c6b5b557f/unicode-width-0.2.2/Cargo.toml","target":{"kind":["lib"],"crate_types":["lib"],"name":"unicode_width","src_path":"/home/runner/.cargo/registry/src/index.crates.io-1949cf8c6b5b557f/unicode-width-0.2.2/src/lib.rs","edition":"2021","doc":true,"doctest":true,"test":true},"profile":{"opt_level":"0","debuginfo":0,"debug_assertions":false,"overflow_checks":true,"test":false},"features":["cjk","default"],"filenames":["/home/runner/work/_temp/microbit-motion-ab-36715551022-1/target-baseline/release/deps/libunicode_width-588096d2d8d07421.rlib","/home/runner/work/_temp/microbit-motion-ab-36715551022-1/target-baseline/release/deps/libunicode_width-588096d2d8d07421.rmeta"],"executable":null,"fresh":false}
[1m[92m   Compiling[0m wast v250.0.0
{"reason":"compiler-artifact","package_id":"registry+https://github.com/rust-lang/crates.io-index#syn@1.0.109","manifest_path":"/home/runner/.cargo/registry/src/index.crates.io-1949cf8c6b5b557f/syn-1.0.109/Cargo.toml","target":{"kind":["lib"],"crate_types":["lib"],"name":"syn","src_path":"/home/runner/.cargo/registry/src/index.crates.io-1949cf8c6b5b557f/syn-1.0.109/src/lib.rs","edition":"2018","doc":true,"doctest":true,"test":true},"profile":{"opt_level":"0","debuginfo":0,"debug_assertions":false,"overflow_checks":true,"test":false},"features":["clone-impls","default","derive","parsing","printing","proc-macro","quote"],"filenames":["/home/runner/work/_temp/microbit-motion-ab-36715551022-1/target-baseline/release/deps/libsyn-77c7520702fbb9fa.rlib","/home/runner/work/_temp/microbit-motion-ab-36715551022-1/target-baseline/release/deps/libsyn-77c7520702fbb9fa.rmeta"],"executable":null,"fresh":false}
[1m[92m   Compiling[0m num_enum_derive v0.5.11
{"reason":"compiler-artifact","package_id":"registry+https://github.com/rust-lang/crates.io-index#unsafe-libyaml@0.2.11","manifest_path":"/home/runner/.cargo/registry/src/index.crates.io-1949cf8c6b5b557f/unsafe-libyaml-0.2.11/Cargo.toml","target":{"kind":["lib"],"crate_types":["lib"],"name":"unsafe_libyaml","src_path":"/home/runner/.cargo/registry/src/index.crates.io-1949cf8c6b5b557f/unsafe-libyaml-0.2.11/src/lib.rs","edition":"2021","doc":true,"doctest":true,"test":true},"profile":{"opt_level":"3","debuginfo":2,"debug_assertions":false,"overflow_checks":true,"test":false},"features":[],"filenames":["/home/runner/work/_temp/microbit-motion-ab-36715551022-1/target-baseline/release/deps/libunsafe_libyaml-35f64e5059f7f7fb.rlib","/home/runner/work/_temp/microbit-motion-ab-36715551022-1/target-baseline/release/deps/libunsafe_libyaml-35f64e5059f7f7fb.rmeta"],"executable":null,"fresh":false}
[1m[92m   Compiling[0m serde_yaml v0.9.34+deprecated
{"reason":"compiler-artifact","package_id":"registry+https://github.com/rust-lang/crates.io-index#num_enum_derive@0.5.11","manifest_path":"/home/runner/.cargo/registry/src/index.crates.io-1949cf8c6b5b557f/num_enum_derive-0.5.11/Cargo.toml","target":{"kind":["proc-macro"],"crate_types":["proc-macro"],"name":"num_enum_derive","src_path":"/home/runner/.cargo/registry/src/index.crates.io-1949cf8c6b5b557f/num_enum_derive-0.5.11/src/lib.rs","edition":"2018","doc":true,"doctest":true,"test":true},"profile":{"opt_level":"0","debuginfo":0,"debug_assertions":false,"overflow_checks":true,"test":false},"features":[],"filenames":["/home/runner/work/_temp/microbit-motion-ab-36715551022-1/target-baseline/release/deps/libnum_enum_derive-8fadb4c628295348.so"],"executable":null,"fresh":false}
[1m[92m   Compiling[0m lalrpop v0.19.12
{"reason":"compiler-artifact","package_id":"registry+https://github.com/rust-lang/crates.io-index#regex-syntax@0.6.29","manifest_path":"/home/runner/.cargo/registry/src/index.crates.io-1949cf8c6b5b557f/regex-syntax-0.6.29/Cargo.toml","target":{"kind":["lib"],"crate_types":["lib"],"name":"regex_syntax","src_path":"/home/runner/.cargo/registry/src/index.crates.io-1949cf8c6b5b557f/regex-syntax-0.6.29/src/lib.rs","edition":"2018","doc":true,"doctest":true,"test":true},"profile":{"opt_level":"0","debuginfo":0,"debug_assertions":false,"overflow_checks":true,"test":false},"features":["unicode","unicode-age","unicode-bool","unicode-case","unicode-gencat","unicode-perl","unicode-script","unicode-segment"],"filenames":["/home/runner/work/_temp/microbit-motion-ab-36715551022-1/target-baseline/release/deps/libregex_syntax-b61554b55b674ac9.rlib","/home/runner/work/_temp/microbit-motion-ab-36715551022-1/target-baseline/release/deps/libregex_syntax-b61554b55b674ac9.rmeta"],"executable":null,"fresh":false}
[1m[92m   Compiling[0m elliptic-curve v0.13.8
{"reason":"compiler-artifact","package_id":"registry+https://github.com/rust-lang/crates.io-index#elliptic-curve@0.13.8","manifest_path":"/home/runner/.cargo/registry/src/index.crates.io-1949cf8c6b5b557f/elliptic-curve-0.13.8/Cargo.toml","target":{"kind":["lib"],"crate_types":["lib"],"name":"elliptic_curve","src_path":"/home/runner/.cargo/registry/src/index.crates.io-1949cf8c6b5b557f/elliptic-curve-0.13.8/src/lib.rs","edition":"2021","doc":true,"doctest":true,"test":true},"profile":{"opt_level":"3","debuginfo":2,"debug_assertions":false,"overflow_checks":true,"test":false},"features":["arithmetic","digest","ff","group","hazmat","sec1"],"filenames":["/home/runner/work/_temp/microbit-motion-ab-36715551022-1/target-baseline/release/deps/libelliptic_curve-1ef54adf9e69b6cf.rlib","/home/runner/work/_temp/microbit-motion-ab-36715551022-1/target-baseline/release/deps/libelliptic_curve-1ef54adf9e69b6cf.rmeta"],"executable":null,"fresh":false}
{"reason":"build-script-executed","package_id":"registry+https://github.com/rust-lang/crates.io-index#crc32fast@1.5.0","linked_libs":[],"linked_paths":[],"cfgs":["stable_arm_crc32_intrinsics"],"env":[],"out_dir":"/home/runner/work/_temp/microbit-motion-ab-36715551022-1/target-baseline/release/build/crc32fast-15987907f41afe65/out"}
{"reason":"build-script-executed","package_id":"registry+https://github.com/rust-lang/crates.io-index#paste@1.0.15","linked_libs":[],"linked_paths":[],"cfgs":[],"env":[],"out_dir":"/home/runner/work/_temp/microbit-motion-ab-36715551022-1/target-baseline/release/build/paste-a487cfb7bd599187/out"}
{"reason":"compiler-artifact","package_id":"registry+https://github.com/rust-lang/crates.io-index#libc@0.2.186","manifest_path":"/home/runner/.cargo/registry/src/index.crates.io-1949cf8c6b5b557f/libc-0.2.186/Cargo.toml","target":{"kind":["lib"],"crate_types":["lib"],"name":"libc","src_path":"/home/runner/.cargo/registry/src/index.crates.io-1949cf8c6b5b557f/libc-0.2.186/src/lib.rs","edition":"2021","doc":true,"doctest":true,"test":true},"profile":{"opt_level":"3","debuginfo":2,"debug_assertions":false,"overflow_checks":true,"test":false},"features":["default","std"],"filenames":["/home/runner/work/_temp/microbit-motion-ab-36715551022-1/target-baseline/release/deps/liblibc-84d956292648cec6.rlib","/home/runner/work/_temp/microbit-motion-ab-36715551022-1/target-baseline/release/deps/liblibc-84d956292648cec6.rmeta"],"executable":null,"fresh":false}
{"reason":"compiler-artifact","package_id":"registry+https://github.com/rust-lang/crates.io-index#serde_yaml@0.9.34+deprecated","manifest_path":"/home/runner/.cargo/registry/src/index.crates.io-1949cf8c6b5b557f/serde_yaml-0.9.34+deprecated/Cargo.toml","target":{"kind":["lib"],"crate_types":["lib"],"name":"serde_yaml","src_path":"/home/runner/.cargo/registry/src/index.crates.io-1949cf8c6b5b557f/serde_yaml-0.9.34+deprecated/src/lib.rs","edition":"2021","doc":true,"doctest":true,"test":true},"profile":{"opt_level":"3","debuginfo":2,"debug_assertions":false,"overflow_checks":true,"test":false},"features":[],"filenames":["/home/runner/work/_temp/microbit-motion-ab-36715551022-1/target-baseline/release/deps/libserde_yaml-b61285bc4f290318.rlib","/home/runner/work/_temp/microbit-motion-ab-36715551022-1/target-baseline/release/deps/libserde_yaml-b61285bc4f290318.rmeta"],"executable":null,"fresh":false}
{"reason":"compiler-artifact","package_id":"registry+https://github.com/rust-lang/crates.io-index#anyhow@1.0.102","manifest_path":"/home/runner/.cargo/registry/src/index.crates.io-1949cf8c6b5b557f/anyhow-1.0.102/Cargo.toml","target":{"kind":["lib"],"crate_types":["lib"],"name":"anyhow","src_path":"/home/runner/.cargo/registry/src/index.crates.io-1949cf8c6b5b557f/anyhow-1.0.102/src/lib.rs","edition":"2021","doc":true,"doctest":true,"test":true},"profile":{"opt_level":"3","debuginfo":2,"debug_assertions":false,"overflow_checks":true,"test":false},"features":["default","std"],"filenames":["/home/runner/work/_temp/microbit-motion-ab-36715551022-1/target-baseline/release/deps/libanyhow-18cf54183f09cca4.rlib","/home/runner/work/_temp/microbit-motion-ab-36715551022-1/target-baseline/release/deps/libanyhow-18cf54183f09cca4.rmeta"],"executable":null,"fresh":false}
[1m[92m   Compiling[0m tracing-core v0.1.36
{"reason":"compiler-artifact","package_id":"registry+https://github.com/rust-lang/crates.io-index#serde_json@1.0.149","manifest_path":"/home/runner/.cargo/registry/src/index.crates.io-1949cf8c6b5b557f/serde_json-1.0.149/Cargo.toml","target":{"kind":["lib"],"crate_types":["lib"],"name":"serde_json","src_path":"/home/runner/.cargo/registry/src/index.crates.io-1949cf8c6b5b557f/serde_json-1.0.149/src/lib.rs","edition":"2021","doc":true,"doctest":true,"test":true},"profile":{"opt_level":"3","debuginfo":2,"debug_assertions":false,"overflow_checks":true,"test":false},"features":["default","std"],"filenames":["/home/runner/work/_temp/microbit-motion-ab-36715551022-1/target-baseline/release/deps/libserde_json-d28671e9c155a7d7.rlib","/home/runner/work/_temp/microbit-motion-ab-36715551022-1/target-baseline/release/deps/libserde_json-d28671e9c155a7d7.rmeta"],"executable":null,"fresh":false}
[1m[92m   Compiling[0m tracing-attributes v0.1.31
{"reason":"compiler-artifact","package_id":"registry+https://github.com/rust-lang/crates.io-index#tracing-core@0.1.36","manifest_path":"/home/runner/.cargo/registry/src/index.crates.io-1949cf8c6b5b557f/tracing-core-0.1.36/Cargo.toml","target":{"kind":["lib"],"crate_types":["lib"],"name":"tracing_core","src_path":"/home/runner/.cargo/registry/src/index.crates.io-1949cf8c6b5b557f/tracing-core-0.1.36/src/lib.rs","edition":"2018","doc":true,"doctest":true,"test":true},"profile":{"opt_level":"3","debuginfo":2,"debug_assertions":false,"overflow_checks":true,"test":false},"features":["once_cell","std"],"filenames":["/home/runner/work/_temp/microbit-motion-ab-36715551022-1/target-baseline/release/deps/libtracing_core-a6572d5a5aa463d4.rlib","/home/runner/work/_temp/microbit-motion-ab-36715551022-1/target-baseline/release/deps/libtracing_core-a6572d5a5aa463d4.rmeta"],"executable":null,"fresh":false}
[1m[92m   Compiling[0m hmac v0.12.1
{"reason":"compiler-artifact","package_id":"registry+https://github.com/rust-lang/crates.io-index#hmac@0.12.1","manifest_path":"/home/runner/.cargo/registry/src/index.crates.io-1949cf8c6b5b557f/hmac-0.12.1/Cargo.toml","target":{"kind":["lib"],"crate_types":["lib"],"name":"hmac","src_path":"/home/runner/.cargo/registry/src/index.crates.io-1949cf8c6b5b557f/hmac-0.12.1/src/lib.rs","edition":"2018","doc":true,"doctest":true,"test":true},"profile":{"opt_level":"3","debuginfo":2,"debug_assertions":false,"overflow_checks":true,"test":false},"features":["reset"],"filenames":["/home/runner/work/_temp/microbit-motion-ab-36715551022-1/target-baseline/release/deps/libhmac-e97dc69e95dcbdb0.rlib","/home/runner/work/_temp/microbit-motion-ab-36715551022-1/target-baseline/release/deps/libhmac-e97dc69e95dcbdb0.rmeta"],"executable":null,"fresh":false}
[1m[92m   Compiling[0m static_assertions v1.1.0
{"reason":"compiler-artifact","package_id":"registry+https://github.com/rust-lang/crates.io-index#static_assertions@1.1.0","manifest_path":"/home/runner/.cargo/registry/src/index.crates.io-1949cf8c6b5b557f/static_assertions-1.1.0/Cargo.toml","target":{"kind":["lib"],"crate_types":["lib"],"name":"static_assertions","src_path":"/home/runner/.cargo/registry/src/index.crates.io-1949cf8c6b5b557f/static_assertions-1.1.0/src/lib.rs","edition":"2015","doc":true,"doctest":true,"test":true},"profile":{"opt_level":"3","debuginfo":2,"debug_assertions":false,"overflow_checks":true,"test":false},"features":[],"filenames":["/home/runner/work/_temp/microbit-motion-ab-36715551022-1/target-baseline/release/deps/libstatic_assertions-306039ffbc2c14c7.rlib","/home/runner/work/_temp/microbit-motion-ab-36715551022-1/target-baseline/release/deps/libstatic_assertions-306039ffbc2c14c7.rmeta"],"executable":null,"fresh":false}
[1m[92m   Compiling[0m adler2 v2.0.1
{"reason":"compiler-artifact","package_id":"registry+https://github.com/rust-lang/crates.io-index#adler2@2.0.1","manifest_path":"/home/runner/.cargo/registry/src/index.crates.io-1949cf8c6b5b557f/adler2-2.0.1/Cargo.toml","target":{"kind":["lib"],"crate_types":["lib"],"name":"adler2","src_path":"/home/runner/.cargo/registry/src/index.crates.io-1949cf8c6b5b557f/adler2-2.0.1/src/lib.rs","edition":"2021","doc":true,"doctest":true,"test":true},"profile":{"opt_level":"3","debuginfo":2,"debug_assertions":false,"overflow_checks":true,"test":false},"features":[],"filenames":["/home/runner/work/_temp/microbit-motion-ab-36715551022-1/target-baseline/release/deps/libadler2-cde6b78faecd7e76.rlib","/home/runner/work/_temp/microbit-motion-ab-36715551022-1/target-baseline/release/deps/libadler2-cde6b78faecd7e76.rmeta"],"executable":null,"fresh":false}
[1m[92m   Compiling[0m simd-adler32 v0.3.9
{"reason":"compiler-artifact","package_id":"registry+https://github.com/rust-lang/crates.io-index#tracing-attributes@0.1.31","manifest_path":"/home/runner/.cargo/registry/src/index.crates.io-1949cf8c6b5b557f/tracing-attributes-0.1.31/Cargo.toml","target":{"kind":["proc-macro"],"crate_types":["proc-macro"],"name":"tracing_attributes","src_path":"/home/runner/.cargo/registry/src/index.crates.io-1949cf8c6b5b557f/tracing-attributes-0.1.31/src/lib.rs","edition":"2018","doc":true,"doctest":true,"test":true},"profile":{"opt_level":"0","debuginfo":0,"debug_assertions":false,"overflow_checks":true,"test":false},"features":[],"filenames":["/home/runner/work/_temp/microbit-motion-ab-36715551022-1/target-baseline/release/deps/libtracing_attributes-575d83ee9e9b81aa.so"],"executable":null,"fresh":false}
[1m[92m   Compiling[0m utf8parse v0.2.2
{"reason":"compiler-artifact","package_id":"registry+https://github.com/rust-lang/crates.io-index#utf8parse@0.2.2","manifest_path":"/home/runner/.cargo/registry/src/index.crates.io-1949cf8c6b5b557f/utf8parse-0.2.2/Cargo.toml","target":{"kind":["lib"],"crate_types":["lib"],"name":"utf8parse","src_path":"/home/runner/.cargo/registry/src/index.crates.io-1949cf8c6b5b557f/utf8parse-0.2.2/src/lib.rs","edition":"2018","doc":true,"doctest":true,"test":true},"profile":{"opt_level":"3","debuginfo":2,"debug_assertions":false,"overflow_checks":true,"test":false},"features":["default"],"filenames":["/home/runner/work/_temp/microbit-motion-ab-36715551022-1/target-baseline/release/deps/libutf8parse-2468377bd39d367b.rlib","/home/runner/work/_temp/microbit-motion-ab-36715551022-1/target-baseline/release/deps/libutf8parse-2468377bd39d367b.rmeta"],"executable":null,"fresh":false}
[1m[92m   Compiling[0m pin-project-lite v0.2.17
{"reason":"compiler-artifact","package_id":"registry+https://github.com/rust-lang/crates.io-index#pin-project-lite@0.2.17","manifest_path":"/home/runner/.cargo/registry/src/index.crates.io-1949cf8c6b5b557f/pin-project-lite-0.2.17/Cargo.toml","target":{"kind":["lib"],"crate_types":["lib"],"name":"pin_project_lite","src_path":"/home/runner/.cargo/registry/src/index.crates.io-1949cf8c6b5b557f/pin-project-lite-0.2.17/src/lib.rs","edition":"2018","doc":true,"doctest":true,"test":true},"profile":{"opt_level":"3","debuginfo":2,"debug_assertions":false,"overflow_checks":true,"test":false},"features":[],"filenames":["/home/runner/work/_temp/microbit-motion-ab-36715551022-1/target-baseline/release/deps/libpin_project_lite-7ed420f1526ae08a.rlib","/home/runner/work/_temp/microbit-motion-ab-36715551022-1/target-baseline/release/deps/libpin_project_lite-7ed420f1526ae08a.rmeta"],"executable":null,"fresh":false}
[1m[92m   Compiling[0m find-msvc-tools v0.1.9
{"reason":"compiler-artifact","package_id":"registry+https://github.com/rust-lang/crates.io-index#simd-adler32@0.3.9","manifest_path":"/home/runner/.cargo/registry/src/index.crates.io-1949cf8c6b5b557f/simd-adler32-0.3.9/Cargo.toml","target":{"kind":["lib"],"crate_types":["lib"],"name":"simd_adler32","src_path":"/home/runner/.cargo/registry/src/index.crates.io-1949cf8c6b5b557f/simd-adler32-0.3.9/src/lib.rs","edition":"2018","doc":true,"doctest":true,"test":true},"profile":{"opt_level":"3","debuginfo":2,"debug_assertions":false,"overflow_checks":true,"test":false},"features":[],"filenames":["/home/runner/work/_temp/microbit-motion-ab-36715551022-1/target-baseline/release/deps/libsimd_adler32-e08e42baa537394c.rlib","/home/runner/work/_temp/microbit-motion-ab-36715551022-1/target-baseline/release/deps/libsimd_adler32-e08e42baa537394c.rmeta"],"executable":null,"fresh":false}
[1m[92m   Compiling[0m shlex v1.3.0
{"reason":"compiler-artifact","package_id":"registry+https://github.com/rust-lang/crates.io-index#shlex@1.3.0","manifest_path":"/home/runner/.cargo/registry/src/index.crates.io-1949cf8c6b5b557f/shlex-1.3.0/Cargo.toml","target":{"kind":["lib"],"crate_types":["lib"],"name":"shlex","src_path":"/home/runner/.cargo/registry/src/index.crates.io-1949cf8c6b5b557f/shlex-1.3.0/src/lib.rs","edition":"2015","doc":true,"doctest":true,"test":true},"profile":{"opt_level":"0","debuginfo":0,"debug_assertions":false,"overflow_checks":true,"test":false},"features":["default","std"],"filenames":["/home/runner/work/_temp/microbit-motion-ab-36715551022-1/target-baseline/release/deps/libshlex-91aee6d892981dce.rlib","/home/runner/work/_temp/microbit-motion-ab-36715551022-1/target-baseline/release/deps/libshlex-91aee6d892981dce.rmeta"],"executable":null,"fresh":false}
[1m[92m   Compiling[0m labwired-config v0.25.0 (/home/runner/work/_temp/microbit-motion-ab-36715551022-1/baseline/crates/config)
{"reason":"compiler-artifact","package_id":"registry+https://github.com/rust-lang/crates.io-index#find-msvc-tools@0.1.9","manifest_path":"/home/runner/.cargo/registry/src/index.crates.io-1949cf8c6b5b557f/find-msvc-tools-0.1.9/Cargo.toml","target":{"kind":["lib"],"crate_types":["lib"],"name":"find_msvc_tools","src_path":"/home/runner/.cargo/registry/src/index.crates.io-1949cf8c6b5b557f/find-msvc-tools-0.1.9/src/lib.rs","edition":"2018","doc":true,"doctest":true,"test":true},"profile":{"opt_level":"0","debuginfo":0,"debug_assertions":false,"overflow_checks":true,"test":false},"features":[],"filenames":["/home/runner/work/_temp/microbit-motion-ab-36715551022-1/target-baseline/release/deps/libfind_msvc_tools-0f68b0393424476c.rlib","/home/runner/work/_temp/microbit-motion-ab-36715551022-1/target-baseline/release/deps/libfind_msvc_tools-0f68b0393424476c.rmeta"],"executable":null,"fresh":false}
[1m[92m   Compiling[0m cc v1.2.62
{"reason":"compiler-artifact","package_id":"path+file:///home/runner/work/_temp/microbit-motion-ab-36715551022-1/baseline/crates/config#labwired-config@0.25.0","manifest_path":"/home/runner/work/_temp/microbit-motion-ab-36715551022-1/baseline/crates/config/Cargo.toml","target":{"kind":["custom-build"],"crate_types":["bin"],"name":"build-script-build","src_path":"/home/runner/work/_temp/microbit-motion-ab-36715551022-1/baseline/crates/config/build.rs","edition":"2021","doc":false,"doctest":false,"test":false},"profile":{"opt_level":"0","debuginfo":0,"debug_assertions":false,"overflow_checks":true,"test":false},"features":[],"filenames":["/home/runner/work/_temp/microbit-motion-ab-36715551022-1/target-baseline/release/build/labwired-config-3fe33d0f7b8e6a7e/build-script-build"],"executable":null,"fresh":false}
{"reason":"build-script-executed","package_id":"path+file:///home/runner/work/_temp/microbit-motion-ab-36715551022-1/baseline/crates/config#labwired-config@0.25.0","linked_libs":[],"linked_paths":[],"cfgs":[],"env":[],"out_dir":"/home/runner/work/_temp/microbit-motion-ab-36715551022-1/target-baseline/release/build/labwired-config-77d716b0f3b68a9d/out"}
[1m[92m   Compiling[0m tracing v0.1.44
{"reason":"compiler-artifact","package_id":"registry+https://github.com/rust-lang/crates.io-index#tracing@0.1.44","manifest_path":"/home/runner/.cargo/registry/src/index.crates.io-1949cf8c6b5b557f/tracing-0.1.44/Cargo.toml","target":{"kind":["lib"],"crate_types":["lib"],"name":"tracing","src_path":"/home/runner/.cargo/registry/src/index.crates.io-1949cf8c6b5b557f/tracing-0.1.44/src/lib.rs","edition":"2018","doc":true,"doctest":true,"test":true},"profile":{"opt_level":"3","debuginfo":2,"debug_assertions":false,"overflow_checks":true,"test":false},"features":["attributes","default","std","tracing-attributes"],"filenames":["/home/runner/work/_temp/microbit-motion-ab-36715551022-1/target-baseline/release/deps/libtracing-663f5a4c88899cc5.rlib","/home/runner/work/_temp/microbit-motion-ab-36715551022-1/target-baseline/release/deps/libtracing-663f5a4c88899cc5.rmeta"],"executable":null,"fresh":false}
[1m[92m   Compiling[0m anstyle-parse v1.0.0
{"reason":"compiler-artifact","package_id":"registry+https://github.com/rust-lang/crates.io-index#anstyle-parse@1.0.0","manifest_path":"/home/runner/.cargo/registry/src/index.crates.io-1949cf8c6b5b557f/anstyle-parse-1.0.0/Cargo.toml","target":{"kind":["lib"],"crate_types":["lib"],"name":"anstyle_parse","src_path":"/home/runner/.cargo/registry/src/index.crates.io-1949cf8c6b5b557f/anstyle-parse-1.0.0/src/lib.rs","edition":"2021","doc":true,"doctest":true,"test":true},"profile":{"opt_level":"3","debuginfo":2,"debug_assertions":false,"overflow_checks":true,"test":false},"features":["default","utf8"],"filenames":["/home/runner/work/_temp/microbit-motion-ab-36715551022-1/target-baseline/release/deps/libanstyle_parse-a6ce5d8415c4ff20.rlib","/home/runner/work/_temp/microbit-motion-ab-36715551022-1/target-baseline/release/deps/libanstyle_parse-a6ce5d8415c4ff20.rmeta"],"executable":null,"fresh":false}
[1m[92m   Compiling[0m miniz_oxide v0.8.9
{"reason":"compiler-artifact","package_id":"registry+https://github.com/rust-lang/crates.io-index#cc@1.2.62","manifest_path":"/home/runner/.cargo/registry/src/index.crates.io-1949cf8c6b5b557f/cc-1.2.62/Cargo.toml","target":{"kind":["lib"],"crate_types":["lib"],"name":"cc","src_path":"/home/runner/.cargo/registry/src/index.crates.io-1949cf8c6b5b557f/cc-1.2.62/src/lib.rs","edition":"2018","doc":true,"doctest":true,"test":true},"profile":{"opt_level":"0","debuginfo":0,"debug_assertions":false,"overflow_checks":true,"test":false},"features":[],"filenames":["/home/runner/work/_temp/microbit-motion-ab-36715551022-1/target-baseline/release/deps/libcc-65b99692d796faa7.rlib","/home/runner/work/_temp/microbit-motion-ab-36715551022-1/target-baseline/release/deps/libcc-65b99692d796faa7.rmeta"],"executable":null,"fresh":false}
[1m[92m   Compiling[0m wat v1.250.0
{"reason":"compiler-artifact","package_id":"registry+https://github.com/rust-lang/crates.io-index#wat@1.250.0","manifest_path":"/home/runner/.cargo/registry/src/index.crates.io-1949cf8c6b5b557f/wat-1.250.0/Cargo.toml","target":{"kind":["lib"],"crate_types":["lib"],"name":"wat","src_path":"/home/runner/.cargo/registry/src/index.crates.io-1949cf8c6b5b557f/wat-1.250.0/src/lib.rs","edition":"2024","doc":true,"doctest":true,"test":true},"profile":{"opt_level":"0","debuginfo":0,"debug_assertions":false,"overflow_checks":true,"test":false},"features":["component-model","default"],"filenames":["/home/runner/work/_temp/microbit-motion-ab-36715551022-1/target-baseline/release/deps/libwat-c291ae0398eac7ca.rlib","/home/runner/work/_temp/microbit-motion-ab-36715551022-1/target-baseline/release/deps/libwat-c291ae0398eac7ca.rmeta"],"executable":null,"fresh":false}
[1m[92m   Compiling[0m twox-hash v1.6.3
{"reason":"compiler-artifact","package_id":"registry+https://github.com/rust-lang/crates.io-index#wast@250.0.0","manifest_path":"/home/runner/.cargo/registry/src/index.crates.io-1949cf8c6b5b557f/wast-250.0.0/Cargo.toml","target":{"kind":["lib"],"crate_types":["lib"],"name":"wast","src_path":"/home/runner/.cargo/registry/src/index.crates.io-1949cf8c6b5b557f/wast-250.0.0/src/lib.rs","edition":"2024","doc":true,"doctest":true,"test":true},"profile":{"opt_level":"0","debuginfo":0,"debug_assertions":false,"overflow_checks":true,"test":false},"features":["component-model","wasm-module"],"filenames":["/home/runner/work/_temp/microbit-motion-ab-36715551022-1/target-baseline/release/deps/libwast-28f00ea1401af0fd.rlib","/home/runner/work/_temp/microbit-motion-ab-36715551022-1/target-baseline/release/deps/libwast-28f00ea1401af0fd.rmeta"],"executable":null,"fresh":false}
[1m[92m   Compiling[0m rfc6979 v0.4.0
{"reason":"compiler-artifact","package_id":"registry+https://github.com/rust-lang/crates.io-index#rfc6979@0.4.0","manifest_path":"/home/runner/.cargo/registry/src/index.crates.io-1949cf8c6b5b557f/rfc6979-0.4.0/Cargo.toml","target":{"kind":["lib"],"crate_types":["lib"],"name":"rfc6979","src_path":"/home/runner/.cargo/registry/src/index.crates.io-1949cf8c6b5b557f/rfc6979-0.4.0/src/lib.rs","edition":"2021","doc":true,"doctest":true,"test":true},"profile":{"opt_level":"3","debuginfo":2,"debug_assertions":false,"overflow_checks":true,"test":false},"features":[],"filenames":["/home/runner/work/_temp/microbit-motion-ab-36715551022-1/target-baseline/release/deps/librfc6979-e8adddeff064d5cb.rlib","/home/runner/work/_temp/microbit-motion-ab-36715551022-1/target-baseline/release/deps/librfc6979-e8adddeff064d5cb.rmeta"],"executable":null,"fresh":false}
[1m[92m   Compiling[0m labwired-ir v0.25.0 (/home/runner/work/_temp/microbit-motion-ab-36715551022-1/baseline/crates/ir)
{"reason":"compiler-artifact","package_id":"registry+https://github.com/rust-lang/crates.io-index#twox-hash@1.6.3","manifest_path":"/home/runner/.cargo/registry/src/index.crates.io-1949cf8c6b5b557f/twox-hash-1.6.3/Cargo.toml","target":{"kind":["lib"],"crate_types":["lib"],"name":"twox_hash","src_path":"/home/runner/.cargo/registry/src/index.crates.io-1949cf8c6b5b557f/twox-hash-1.6.3/src/lib.rs","edition":"2018","doc":true,"doctest":true,"test":true},"profile":{"opt_level":"3","debuginfo":2,"debug_assertions":false,"overflow_checks":true,"test":false},"features":[],"filenames":["/home/runner/work/_temp/microbit-motion-ab-36715551022-1/target-baseline/release/deps/libtwox_hash-3cce1f6449b0f09d.rlib","/home/runner/work/_temp/microbit-motion-ab-36715551022-1/target-baseline/release/deps/libtwox_hash-3cce1f6449b0f09d.rmeta"],"executable":null,"fresh":false}
{"reason":"compiler-artifact","package_id":"registry+https://github.com/rust-lang/crates.io-index#miniz_oxide@0.8.9","manifest_path":"/home/runner/.cargo/registry/src/index.crates.io-1949cf8c6b5b557f/miniz_oxide-0.8.9/Cargo.toml","target":{"kind":["lib"],"crate_types":["lib"],"name":"miniz_oxide","src_path":"/home/runner/.cargo/registry/src/index.crates.io-1949cf8c6b5b557f/miniz_oxide-0.8.9/src/lib.rs","edition":"2021","doc":true,"doctest":true,"test":true},"profile":{"opt_level":"3","debuginfo":2,"debug_assertions":false,"overflow_checks":true,"test":false},"features":["simd","simd-adler32","with-alloc"],"filenames":["/home/runner/work/_temp/microbit-motion-ab-36715551022-1/target-baseline/release/deps/libminiz_oxide-ee6c59887d7be704.rlib","/home/runner/work/_temp/microbit-motion-ab-36715551022-1/target-baseline/release/deps/libminiz_oxide-ee6c59887d7be704.rmeta"],"executable":null,"fresh":false}
{"reason":"compiler-artifact","package_id":"path+file:///home/runner/work/_temp/microbit-motion-ab-36715551022-1/baseline/crates/ir#labwired-ir@0.25.0","manifest_path":"/home/runner/work/_temp/microbit-motion-ab-36715551022-1/baseline/crates/ir/Cargo.toml","target":{"kind":["lib"],"crate_types":["lib"],"name":"labwired_ir","src_path":"/home/runner/work/_temp/microbit-motion-ab-36715551022-1/baseline/crates/ir/src/lib.rs","edition":"2021","doc":true,"doctest":true,"test":true},"profile":{"opt_level":"3","debuginfo":2,"debug_assertions":false,"overflow_checks":true,"test":false},"features":["default"],"filenames":["/home/runner/work/_temp/microbit-motion-ab-36715551022-1/target-baseline/release/deps/liblabwired_ir-5cecb6c25053495a.rlib","/home/runner/work/_temp/microbit-motion-ab-36715551022-1/target-baseline/release/deps/liblabwired_ir-5cecb6c25053495a.rmeta"],"executable":null,"fresh":false}
[1m[92m   Compiling[0m num_enum v0.5.11
{"reason":"compiler-artifact","package_id":"registry+https://github.com/rust-lang/crates.io-index#num_enum@0.5.11","manifest_path":"/home/runner/.cargo/registry/src/index.crates.io-1949cf8c6b5b557f/num_enum-0.5.11/Cargo.toml","target":{"kind":["lib"],"crate_types":["lib"],"name":"num_enum","src_path":"/home/runner/.cargo/registry/src/index.crates.io-1949cf8c6b5b557f/num_enum-0.5.11/src/lib.rs","edition":"2018","doc":true,"doctest":true,"test":true},"profile":{"opt_level":"3","debuginfo":2,"debug_assertions":false,"overflow_checks":true,"test":false},"features":[],"filenames":["/home/runner/work/_temp/microbit-motion-ab-36715551022-1/target-baseline/release/deps/libnum_enum-98d9deb27b226681.rlib","/home/runner/work/_temp/microbit-motion-ab-36715551022-1/target-baseline/release/deps/libnum_enum-98d9deb27b226681.rmeta"],"executable":null,"fresh":false}
[1m[92m   Compiling[0m derive_more v0.99.20
{"reason":"compiler-artifact","package_id":"registry+https://github.com/rust-lang/crates.io-index#crc32fast@1.5.0","manifest_path":"/home/runner/.cargo/registry/src/index.crates.io-1949cf8c6b5b557f/crc32fast-1.5.0/Cargo.toml","target":{"kind":["lib"],"crate_types":["lib"],"name":"crc32fast","src_path":"/home/runner/.cargo/registry/src/index.crates.io-1949cf8c6b5b557f/crc32fast-1.5.0/src/lib.rs","edition":"2021","doc":true,"doctest":true,"test":true},"profile":{"opt_level":"3","debuginfo":2,"debug_assertions":false,"overflow_checks":true,"test":false},"features":["default","std"],"filenames":["/home/runner/work/_temp/microbit-motion-ab-36715551022-1/target-baseline/release/deps/libcrc32fast-e3c318fba9ac58ad.rlib","/home/runner/work/_temp/microbit-motion-ab-36715551022-1/target-baseline/release/deps/libcrc32fast-e3c318fba9ac58ad.rmeta"],"executable":null,"fresh":false}
[1m[92m   Compiling[0m scroll_derive v0.11.1
{"reason":"compiler-artifact","package_id":"registry+https://github.com/rust-lang/crates.io-index#paste@1.0.15","manifest_path":"/home/runner/.cargo/registry/src/index.crates.io-1949cf8c6b5b557f/paste-1.0.15/Cargo.toml","target":{"kind":["proc-macro"],"crate_types":["proc-macro"],"name":"paste","src_path":"/home/runner/.cargo/registry/src/index.crates.io-1949cf8c6b5b557f/paste-1.0.15/src/lib.rs","edition":"2018","doc":true,"doctest":true,"test":true},"profile":{"opt_level":"0","debuginfo":0,"debug_assertions":false,"overflow_checks":true,"test":false},"features":[],"filenames":["/home/runner/work/_temp/microbit-motion-ab-36715551022-1/target-baseline/release/deps/libpaste-237482d944ac034c.so"],"executable":null,"fresh":false}
[1m[92m   Compiling[0m signature v2.2.0
{"reason":"compiler-artifact","package_id":"registry+https://github.com/rust-lang/crates.io-index#signature@2.2.0","manifest_path":"/home/runner/.cargo/registry/src/index.crates.io-1949cf8c6b5b557f/signature-2.2.0/Cargo.toml","target":{"kind":["lib"],"crate_types":["lib"],"name":"signature","src_path":"/home/runner/.cargo/registry/src/index.crates.io-1949cf8c6b5b557f/signature-2.2.0/src/lib.rs","edition":"2021","doc":true,"doctest":true,"test":true},"profile":{"opt_level":"3","debuginfo":2,"debug_assertions":false,"overflow_checks":true,"test":false},"features":["digest","rand_core"],"filenames":["/home/runner/work/_temp/microbit-motion-ab-36715551022-1/target-baseline/release/deps/libsignature-5d203dc678b7462b.rlib","/home/runner/work/_temp/microbit-motion-ab-36715551022-1/target-baseline/release/deps/libsignature-5d203dc678b7462b.rmeta"],"executable":null,"fresh":false}
[1m[92m   Compiling[0m colorchoice v1.0.5
{"reason":"compiler-artifact","package_id":"registry+https://github.com/rust-lang/crates.io-index#colorchoice@1.0.5","manifest_path":"/home/runner/.cargo/registry/src/index.crates.io-1949cf8c6b5b557f/colorchoice-1.0.5/Cargo.toml","target":{"kind":["lib"],"crate_types":["lib"],"name":"colorchoice","src_path":"/home/runner/.cargo/registry/src/index.crates.io-1949cf8c6b5b557f/colorchoice-1.0.5/src/lib.rs","edition":"2021","doc":true,"doctest":true,"test":true},"profile":{"opt_level":"3","debuginfo":2,"debug_assertions":false,"overflow_checks":true,"test":false},"features":[],"filenames":["/home/runner/work/_temp/microbit-motion-ab-36715551022-1/target-baseline/release/deps/libcolorchoice-a825d0b95df1318d.rlib","/home/runner/work/_temp/microbit-motion-ab-36715551022-1/target-baseline/release/deps/libcolorchoice-a825d0b95df1318d.rmeta"],"executable":null,"fresh":false}
[1m[92m   Compiling[0m is_terminal_polyfill v1.70.2
{"reason":"compiler-artifact","package_id":"registry+https://github.com/rust-lang/crates.io-index#is_terminal_polyfill@1.70.2","manifest_path":"/home/runner/.cargo/registry/src/index.crates.io-1949cf8c6b5b557f/is_terminal_polyfill-1.70.2/Cargo.toml","target":{"kind":["lib"],"crate_types":["lib"],"name":"is_terminal_polyfill","src_path":"/home/runner/.cargo/registry/src/index.crates.io-1949cf8c6b5b557f/is_terminal_polyfill-1.70.2/src/lib.rs","edition":"2021","doc":true,"doctest":true,"test":true},"profile":{"opt_level":"3","debuginfo":2,"debug_assertions":false,"overflow_checks":true,"test":false},"features":["default"],"filenames":["/home/runner/work/_temp/microbit-motion-ab-36715551022-1/target-baseline/release/deps/libis_terminal_polyfill-c05e3e41cd9d5778.rlib","/home/runner/work/_temp/microbit-motion-ab-36715551022-1/target-baseline/release/deps/libis_terminal_polyfill-c05e3e41cd9d5778.rmeta"],"executable":null,"fresh":false}
[1m[92m   Compiling[0m cpufeatures v0.2.17
{"reason":"compiler-artifact","package_id":"registry+https://github.com/rust-lang/crates.io-index#cpufeatures@0.2.17","manifest_path":"/home/runner/.cargo/registry/src/index.crates.io-1949cf8c6b5b557f/cpufeatures-0.2.17/Cargo.toml","target":{"kind":["lib"],"crate_types":["lib"],"name":"cpufeatures","src_path":"/home/runner/.cargo/registry/src/index.crates.io-1949cf8c6b5b557f/cpufeatures-0.2.17/src/lib.rs","edition":"2018","doc":true,"doctest":true,"test":true},"profile":{"opt_level":"3","debuginfo":2,"debug_assertions":false,"overflow_checks":true,"test":false},"features":[],"filenames":["/home/runner/work/_temp/microbit-motion-ab-36715551022-1/target-baseline/release/deps/libcpufeatures-aa214c1c51c75b2c.rlib","/home/runner/work/_temp/microbit-motion-ab-36715551022-1/target-baseline/release/deps/libcpufeatures-aa214c1c51c75b2c.rmeta"],"executable":null,"fresh":false}
[1m[92m   Compiling[0m cpp_demangle v0.4.5
{"reason":"compiler-artifact","package_id":"registry+https://github.com/rust-lang/crates.io-index#scroll_derive@0.11.1","manifest_path":"/home/runner/.cargo/registry/src/index.crates.io-1949cf8c6b5b557f/scroll_derive-0.11.1/Cargo.toml","target":{"kind":["proc-macro"],"crate_types":["proc-macro"],"name":"scroll_derive","src_path":"/home/runner/.cargo/registry/src/index.crates.io-1949cf8c6b5b557f/scroll_derive-0.11.1/src/lib.rs","edition":"2018","doc":true,"doctest":true,"test":true},"profile":{"opt_level":"0","debuginfo":0,"debug_assertions":false,"overflow_checks":true,"test":false},"features":[],"filenames":["/home/runner/work/_temp/microbit-motion-ab-36715551022-1/target-baseline/release/deps/libscroll_derive-f4599f85cdebbb6e.so"],"executable":null,"fresh":false}
[1m[92m   Compiling[0m human-size v0.4.3
{"reason":"compiler-artifact","package_id":"registry+https://github.com/rust-lang/crates.io-index#cpp_demangle@0.4.5","manifest_path":"/home/runner/.cargo/registry/src/index.crates.io-1949cf8c6b5b557f/cpp_demangle-0.4.5/Cargo.toml","target":{"kind":["custom-build"],"crate_types":["bin"],"name":"build-script-build","src_path":"/home/runner/.cargo/registry/src/index.crates.io-1949cf8c6b5b557f/cpp_demangle-0.4.5/build.rs","edition":"2018","doc":false,"doctest":false,"test":false},"profile":{"opt_level":"0","debuginfo":0,"debug_assertions":false,"overflow_checks":true,"test":false},"features":["alloc"],"filenames":["/home/runner/work/_temp/microbit-motion-ab-36715551022-1/target-baseline/release/build/cpp_demangle-b11c2b820218901b/build-script-build"],"executable":null,"fresh":false}
[1m[92m   Compiling[0m arrayvec v0.7.6
{"reason":"compiler-artifact","package_id":"registry+https://github.com/rust-lang/crates.io-index#human-size@0.4.3","manifest_path":"/home/runner/.cargo/registry/src/index.crates.io-1949cf8c6b5b557f/human-size-0.4.3/Cargo.toml","target":{"kind":["lib"],"crate_types":["lib"],"name":"human_size","src_path":"/home/runner/.cargo/registry/src/index.crates.io-1949cf8c6b5b557f/human-size-0.4.3/src/lib.rs","edition":"2018","doc":true,"doctest":true,"test":true},"profile":{"opt_level":"3","debuginfo":2,"debug_assertions":false,"overflow_checks":true,"test":false},"features":["default"],"filenames":["/home/runner/work/_temp/microbit-motion-ab-36715551022-1/target-baseline/release/deps/libhuman_size-c2245583273782ca.rlib","/home/runner/work/_temp/microbit-motion-ab-36715551022-1/target-baseline/release/deps/libhuman_size-c2245583273782ca.rmeta"],"executable":null,"fresh":false}
[1m[92m   Compiling[0m anstyle v1.0.14
{"reason":"compiler-artifact","package_id":"registry+https://github.com/rust-lang/crates.io-index#arrayvec@0.7.6","manifest_path":"/home/runner/.cargo/registry/src/index.crates.io-1949cf8c6b5b557f/arrayvec-0.7.6/Cargo.toml","target":{"kind":["lib"],"crate_types":["lib"],"name":"arrayvec","src_path":"/home/runner/.cargo/registry/src/index.crates.io-1949cf8c6b5b557f/arrayvec-0.7.6/src/lib.rs","edition":"2018","doc":true,"doctest":true,"test":true},"profile":{"opt_level":"3","debuginfo":2,"debug_assertions":false,"overflow_checks":true,"test":false},"features":[],"filenames":["/home/runner/work/_temp/microbit-motion-ab-36715551022-1/target-baseline/release/deps/libarrayvec-a2cc6b57370a15d7.rlib","/home/runner/work/_temp/microbit-motion-ab-36715551022-1/target-baseline/release/deps/libarrayvec-a2cc6b57370a15d7.rmeta"],"executable":null,"fresh":false}
[1m[92m   Compiling[0m byteorder v1.5.0
{"reason":"compiler-artifact","package_id":"registry+https://github.com/rust-lang/crates.io-index#anstyle@1.0.14","manifest_path":"/home/runner/.cargo/registry/src/index.crates.io-1949cf8c6b5b557f/anstyle-1.0.14/Cargo.toml","target":{"kind":["lib"],"crate_types":["lib"],"name":"anstyle","src_path":"/home/runner/.cargo/registry/src/index.crates.io-1949cf8c6b5b557f/anstyle-1.0.14/src/lib.rs","edition":"2021","doc":true,"doctest":true,"test":true},"profile":{"opt_level":"3","debuginfo":2,"debug_assertions":false,"overflow_checks":true,"test":false},"features":["default","std"],"filenames":["/home/runner/work/_temp/microbit-motion-ab-36715551022-1/target-baseline/release/deps/libanstyle-bd6f487ccc6a7339.rlib","/home/runner/work/_temp/microbit-motion-ab-36715551022-1/target-baseline/release/deps/libanstyle-bd6f487ccc6a7339.rmeta"],"executable":null,"fresh":false}
[1m[92m   Compiling[0m libm v0.2.16
{"reason":"compiler-artifact","package_id":"registry+https://github.com/rust-lang/crates.io-index#byteorder@1.5.0","manifest_path":"/home/runner/.cargo/registry/src/index.crates.io-1949cf8c6b5b557f/byteorder-1.5.0/Cargo.toml","target":{"kind":["lib"],"crate_types":["lib"],"name":"byteorder","src_path":"/home/runner/.cargo/registry/src/index.crates.io-1949cf8c6b5b557f/byteorder-1.5.0/src/lib.rs","edition":"2021","doc":true,"doctest":true,"test":true},"profile":{"opt_level":"3","debuginfo":2,"debug_assertions":false,"overflow_checks":true,"test":false},"features":[],"filenames":["/home/runner/work/_temp/microbit-motion-ab-36715551022-1/target-baseline/release/deps/libbyteorder-6f2815a491840615.rlib","/home/runner/work/_temp/microbit-motion-ab-36715551022-1/target-baseline/release/deps/libbyteorder-6f2815a491840615.rmeta"],"executable":null,"fresh":false}
[1m[92m   Compiling[0m anstyle-query v1.1.5
{"reason":"compiler-artifact","package_id":"registry+https://github.com/rust-lang/crates.io-index#anstyle-query@1.1.5","manifest_path":"/home/runner/.cargo/registry/src/index.crates.io-1949cf8c6b5b557f/anstyle-query-1.1.5/Cargo.toml","target":{"kind":["lib"],"crate_types":["lib"],"name":"anstyle_query","src_path":"/home/runner/.cargo/registry/src/index.crates.io-1949cf8c6b5b557f/anstyle-query-1.1.5/src/lib.rs","edition":"2021","doc":true,"doctest":true,"test":true},"profile":{"opt_level":"3","debuginfo":2,"debug_assertions":false,"overflow_checks":true,"test":false},"features":[],"filenames":["/home/runner/work/_temp/microbit-motion-ab-36715551022-1/target-baseline/release/deps/libanstyle_query-8c6086cab3dfba0f.rlib","/home/runner/work/_temp/microbit-motion-ab-36715551022-1/target-baseline/release/deps/libanstyle_query-8c6086cab3dfba0f.rmeta"],"executable":null,"fresh":false}
[1m[92m   Compiling[0m anstream v1.0.0
{"reason":"compiler-artifact","package_id":"registry+https://github.com/rust-lang/crates.io-index#libm@0.2.16","manifest_path":"/home/runner/.cargo/registry/src/index.crates.io-1949cf8c6b5b557f/libm-0.2.16/Cargo.toml","target":{"kind":["custom-build"],"crate_types":["bin"],"name":"build-script-build","src_path":"/home/runner/.cargo/registry/src/index.crates.io-1949cf8c6b5b557f/libm-0.2.16/build.rs","edition":"2021","doc":false,"doctest":false,"test":false},"profile":{"opt_level":"0","debuginfo":0,"debug_assertions":false,"overflow_checks":true,"test":false},"features":["arch","default"],"filenames":["/home/runner/work/_temp/microbit-motion-ab-36715551022-1/target-baseline/release/build/libm-7a6a076e526c20a4/build-script-build"],"executable":null,"fresh":false}
{"reason":"build-script-executed","package_id":"registry+https://github.com/rust-lang/crates.io-index#libm@0.2.16","linked_libs":[],"linked_paths":[],"cfgs":["arch_enabled","optimizations_enabled"],"env":[["CFG_CARGO_FEATURES","[\"arch\", \"default\"]"],["CFG_OPT_LEVEL","3"],["CFG_TARGET_FEATURES","[\"fxsr\", \"sse\", \"sse2\"]"]],"out_dir":"/home/runner/work/_temp/microbit-motion-ab-36715551022-1/target-baseline/release/build/libm-b6396190211ecc17/out"}
[1m[92m   Compiling[0m pio v0.2.1
{"reason":"compiler-artifact","package_id":"registry+https://github.com/rust-lang/crates.io-index#pio@0.2.1","manifest_path":"/home/runner/.cargo/registry/src/index.crates.io-1949cf8c6b5b557f/pio-0.2.1/Cargo.toml","target":{"kind":["lib"],"crate_types":["lib"],"name":"pio","src_path":"/home/runner/.cargo/registry/src/index.crates.io-1949cf8c6b5b557f/pio-0.2.1/src/lib.rs","edition":"2018","doc":true,"doctest":true,"test":true},"profile":{"opt_level":"3","debuginfo":2,"debug_assertions":false,"overflow_checks":true,"test":false},"features":[],"filenames":["/home/runner/work/_temp/microbit-motion-ab-36715551022-1/target-baseline/release/deps/libpio-fde9afa5467d7fc1.rlib","/home/runner/work/_temp/microbit-motion-ab-36715551022-1/target-baseline/release/deps/libpio-fde9afa5467d7fc1.rmeta"],"executable":null,"fresh":false}
{"reason":"compiler-artifact","package_id":"registry+https://github.com/rust-lang/crates.io-index#anstream@1.0.0","manifest_path":"/home/runner/.cargo/registry/src/index.crates.io-1949cf8c6b5b557f/anstream-1.0.0/Cargo.toml","target":{"kind":["lib"],"crate_types":["lib"],"name":"anstream","src_path":"/home/runner/.cargo/registry/src/index.crates.io-1949cf8c6b5b557f/anstream-1.0.0/src/lib.rs","edition":"2021","doc":true,"doctest":true,"test":true},"profile":{"opt_level":"3","debuginfo":2,"debug_assertions":false,"overflow_checks":true,"test":false},"features":["auto","default","wincon"],"filenames":["/home/runner/work/_temp/microbit-motion-ab-36715551022-1/target-baseline/release/deps/libanstream-edd93c58a7173e81.rlib","/home/runner/work/_temp/microbit-motion-ab-36715551022-1/target-baseline/release/deps/libanstream-edd93c58a7173e81.rmeta"],"executable":null,"fresh":false}
{"reason":"build-script-executed","package_id":"registry+https://github.com/rust-lang/crates.io-index#cpp_demangle@0.4.5","linked_libs":[],"linked_paths":[],"cfgs":[],"env":[],"out_dir":"/home/runner/work/_temp/microbit-motion-ab-36715551022-1/target-baseline/release/build/cpp_demangle-457092d3c7bad117/out"}
[1m[92m   Compiling[0m scroll v0.11.0
{"reason":"compiler-artifact","package_id":"registry+https://github.com/rust-lang/crates.io-index#derive_more@0.99.20","manifest_path":"/home/runner/.cargo/registry/src/index.crates.io-1949cf8c6b5b557f/derive_more-0.99.20/Cargo.toml","target":{"kind":["proc-macro"],"crate_types":["proc-macro"],"name":"derive_more","src_path":"/home/runner/.cargo/registry/src/index.crates.io-1949cf8c6b5b557f/derive_more-0.99.20/src/lib.rs","edition":"2018","doc":true,"doctest":true,"test":true},"profile":{"opt_level":"0","debuginfo":0,"debug_assertions":false,"overflow_checks":true,"test":false},"features":["display","error","from"],"filenames":["/home/runner/work/_temp/microbit-motion-ab-36715551022-1/target-baseline/release/deps/libderive_more-bd235c79d82a4fdf.so"],"executable":null,"fresh":false}
[1m[92m   Compiling[0m ruzstd v0.5.0
{"reason":"compiler-artifact","package_id":"registry+https://github.com/rust-lang/crates.io-index#scroll@0.11.0","manifest_path":"/home/runner/.cargo/registry/src/index.crates.io-1949cf8c6b5b557f/scroll-0.11.0/Cargo.toml","target":{"kind":["lib"],"crate_types":["lib"],"name":"scroll","src_path":"/home/runner/.cargo/registry/src/index.crates.io-1949cf8c6b5b557f/scroll-0.11.0/src/lib.rs","edition":"2021","doc":true,"doctest":true,"test":true},"profile":{"opt_level":"3","debuginfo":2,"debug_assertions":false,"overflow_checks":true,"test":false},"features":["derive","scroll_derive","std"],"filenames":["/home/runner/work/_temp/microbit-motion-ab-36715551022-1/target-baseline/release/deps/libscroll-832ba8ca737c55a2.rlib","/home/runner/work/_temp/microbit-motion-ab-36715551022-1/target-baseline/release/deps/libscroll-832ba8ca737c55a2.rmeta"],"executable":null,"fresh":false}
[1m[92m   Compiling[0m sha2 v0.10.9
{"reason":"compiler-artifact","package_id":"registry+https://github.com/rust-lang/crates.io-index#lalrpop@0.19.12","manifest_path":"/home/runner/.cargo/registry/src/index.crates.io-1949cf8c6b5b557f/lalrpop-0.19.12/Cargo.toml","target":{"kind":["lib"],"crate_types":["lib"],"name":"lalrpop","src_path":"/home/runner/.cargo/registry/src/index.crates.io-1949cf8c6b5b557f/lalrpop-0.19.12/src/lib.rs","edition":"2015","doc":true,"doctest":false,"test":true},"profile":{"opt_level":"0","debuginfo":0,"debug_assertions":false,"overflow_checks":true,"test":false},"features":["default","lexer"],"filenames":["/home/runner/work/_temp/microbit-motion-ab-36715551022-1/target-baseline/release/deps/liblalrpop-eddebe31a6103b27.rlib","/home/runner/work/_temp/microbit-motion-ab-36715551022-1/target-baseline/release/deps/liblalrpop-eddebe31a6103b27.rmeta"],"executable":null,"fresh":false}
[1m[92m   Compiling[0m pio-parser v0.2.2
{"reason":"compiler-artifact","package_id":"registry+https://github.com/rust-lang/crates.io-index#pio-parser@0.2.2","manifest_path":"/home/runner/.cargo/registry/src/index.crates.io-1949cf8c6b5b557f/pio-parser-0.2.2/Cargo.toml","target":{"kind":["custom-build"],"crate_types":["bin"],"name":"build-script-build","src_path":"/home/runner/.cargo/registry/src/index.crates.io-1949cf8c6b5b557f/pio-parser-0.2.2/build.rs","edition":"2018","doc":false,"doctest":false,"test":false},"profile":{"opt_level":"0","debuginfo":0,"debug_assertions":false,"overflow_checks":true,"test":false},"features":[],"filenames":["/home/runner/work/_temp/microbit-motion-ab-36715551022-1/target-baseline/release/build/pio-parser-286c05698c2fe0c5/build-script-build"],"executable":null,"fresh":false}
{"reason":"compiler-artifact","package_id":"registry+https://github.com/rust-lang/crates.io-index#sha2@0.10.9","manifest_path":"/home/runner/.cargo/registry/src/index.crates.io-1949cf8c6b5b557f/sha2-0.10.9/Cargo.toml","target":{"kind":["lib"],"crate_types":["lib"],"name":"sha2","src_path":"/home/runner/.cargo/registry/src/index.crates.io-1949cf8c6b5b557f/sha2-0.10.9/src/lib.rs","edition":"2018","doc":true,"doctest":true,"test":true},"profile":{"opt_level":"3","debuginfo":2,"debug_assertions":false,"overflow_checks":true,"test":false},"features":["compress","default","std"],"filenames":["/home/runner/work/_temp/microbit-motion-ab-36715551022-1/target-baseline/release/deps/libsha2-143c6ed1ad2ba98f.rlib","/home/runner/work/_temp/microbit-motion-ab-36715551022-1/target-baseline/release/deps/libsha2-143c6ed1ad2ba98f.rmeta"],"executable":null,"fresh":false}
[1m[92m   Compiling[0m ecdsa v0.16.9
{"reason":"compiler-artifact","package_id":"registry+https://github.com/rust-lang/crates.io-index#ruzstd@0.5.0","manifest_path":"/home/runner/.cargo/registry/src/index.crates.io-1949cf8c6b5b557f/ruzstd-0.5.0/Cargo.toml","target":{"kind":["lib"],"crate_types":["lib"],"name":"ruzstd","src_path":"/home/runner/.cargo/registry/src/index.crates.io-1949cf8c6b5b557f/ruzstd-0.5.0/src/lib.rs","edition":"2018","doc":true,"doctest":true,"test":true},"profile":{"opt_level":"3","debuginfo":2,"debug_assertions":false,"overflow_checks":true,"test":false},"features":["default","std"],"filenames":["/home/runner/work/_temp/microbit-motion-ab-36715551022-1/target-baseline/release/deps/libruzstd-f8c93aa0f25c3e08.rlib","/home/runner/work/_temp/microbit-motion-ab-36715551022-1/target-baseline/release/deps/libruzstd-f8c93aa0f25c3e08.rmeta"],"executable":null,"fresh":false}
[1m[92m   Compiling[0m flate2 v1.1.9
{"reason":"compiler-artifact","package_id":"registry+https://github.com/rust-lang/crates.io-index#ecdsa@0.16.9","manifest_path":"/home/runner/.cargo/registry/src/index.crates.io-1949cf8c6b5b557f/ecdsa-0.16.9/Cargo.toml","target":{"kind":["lib"],"crate_types":["lib"],"name":"ecdsa","src_path":"/home/runner/.cargo/registry/src/index.crates.io-1949cf8c6b5b557f/ecdsa-0.16.9/src/lib.rs","edition":"2021","doc":true,"doctest":true,"test":true},"profile":{"opt_level":"3","debuginfo":2,"debug_assertions":false,"overflow_checks":true,"test":false},"features":["arithmetic","der","digest","hazmat","rfc6979","signing","verifying"],"filenames":["/home/runner/work/_temp/microbit-motion-ab-36715551022-1/target-baseline/release/deps/libecdsa-90da68686576aafb.rlib","/home/runner/work/_temp/microbit-motion-ab-36715551022-1/target-baseline/release/deps/libecdsa-90da68686576aafb.rmeta"],"executable":null,"fresh":false}
[1m[92m   Compiling[0m labwired-core v0.25.0 (/home/runner/work/_temp/microbit-motion-ab-36715551022-1/baseline/crates/core)
{"reason":"compiler-artifact","package_id":"path+file:///home/runner/work/_temp/microbit-motion-ab-36715551022-1/baseline/crates/core#labwired-core@0.25.0","manifest_path":"/home/runner/work/_temp/microbit-motion-ab-36715551022-1/baseline/crates/core/Cargo.toml","target":{"kind":["custom-build"],"crate_types":["bin"],"name":"build-script-build","src_path":"/home/runner/work/_temp/microbit-motion-ab-36715551022-1/baseline/crates/core/build.rs","edition":"2021","doc":false,"doctest":false,"test":false},"profile":{"opt_level":"0","debuginfo":0,"debug_assertions":false,"overflow_checks":true,"test":false},"features":["default","event-scheduler","microbit-board-io-test"],"filenames":["/home/runner/work/_temp/microbit-motion-ab-36715551022-1/target-baseline/release/build/labwired-core-9eb6b212734d3ae9/build-script-build"],"executable":null,"fresh":false}
[1m[92m   Compiling[0m primeorder v0.13.6
{"reason":"compiler-artifact","package_id":"registry+https://github.com/rust-lang/crates.io-index#flate2@1.1.9","manifest_path":"/home/runner/.cargo/registry/src/index.crates.io-1949cf8c6b5b557f/flate2-1.1.9/Cargo.toml","target":{"kind":["lib"],"crate_types":["lib"],"name":"flate2","src_path":"/home/runner/.cargo/registry/src/index.crates.io-1949cf8c6b5b557f/flate2-1.1.9/src/lib.rs","edition":"2018","doc":true,"doctest":true,"test":true},"profile":{"opt_level":"3","debuginfo":2,"debug_assertions":false,"overflow_checks":true,"test":false},"features":["any_impl","default","miniz_oxide","rust_backend"],"filenames":["/home/runner/work/_temp/microbit-motion-ab-36715551022-1/target-baseline/release/deps/libflate2-71c5b3bcb4b62ffa.rlib","/home/runner/work/_temp/microbit-motion-ab-36715551022-1/target-baseline/release/deps/libflate2-71c5b3bcb4b62ffa.rmeta"],"executable":null,"fresh":false}
{"reason":"compiler-artifact","package_id":"registry+https://github.com/rust-lang/crates.io-index#primeorder@0.13.6","manifest_path":"/home/runner/.cargo/registry/src/index.crates.io-1949cf8c6b5b557f/primeorder-0.13.6/Cargo.toml","target":{"kind":["lib"],"crate_types":["lib"],"name":"primeorder","src_path":"/home/runner/.cargo/registry/src/index.crates.io-1949cf8c6b5b557f/primeorder-0.13.6/src/lib.rs","edition":"2021","doc":true,"doctest":true,"test":true},"profile":{"opt_level":"3","debuginfo":2,"debug_assertions":false,"overflow_checks":true,"test":false},"features":[],"filenames":["/home/runner/work/_temp/microbit-motion-ab-36715551022-1/target-baseline/release/deps/libprimeorder-5bcfb7c93ab5bb84.rlib","/home/runner/work/_temp/microbit-motion-ab-36715551022-1/target-baseline/release/deps/libprimeorder-5bcfb7c93ab5bb84.rmeta"],"executable":null,"fresh":false}
[1m[92m   Compiling[0m stable_deref_trait v1.2.1
{"reason":"compiler-artifact","package_id":"registry+https://github.com/rust-lang/crates.io-index#stable_deref_trait@1.2.1","manifest_path":"/home/runner/.cargo/registry/src/index.crates.io-1949cf8c6b5b557f/stable_deref_trait-1.2.1/Cargo.toml","target":{"kind":["lib"],"crate_types":["lib"],"name":"stable_deref_trait","src_path":"/home/runner/.cargo/registry/src/index.crates.io-1949cf8c6b5b557f/stable_deref_trait-1.2.1/src/lib.rs","edition":"2015","doc":true,"doctest":true,"test":true},"profile":{"opt_level":"3","debuginfo":2,"debug_assertions":false,"overflow_checks":true,"test":false},"features":["alloc","std"],"filenames":["/home/runner/work/_temp/microbit-motion-ab-36715551022-1/target-baseline/release/deps/libstable_deref_trait-aad1749b18d78c28.rlib","/home/runner/work/_temp/microbit-motion-ab-36715551022-1/target-baseline/release/deps/libstable_deref_trait-aad1749b18d78c28.rmeta"],"executable":null,"fresh":false}
[1m[92m   Compiling[0m clap_lex v1.1.0
{"reason":"compiler-artifact","package_id":"registry+https://github.com/rust-lang/crates.io-index#lalrpop-util@0.19.12","manifest_path":"/home/runner/.cargo/registry/src/index.crates.io-1949cf8c6b5b557f/lalrpop-util-0.19.12/Cargo.toml","target":{"kind":["lib"],"crate_types":["lib"],"name":"lalrpop_util","src_path":"/home/runner/.cargo/registry/src/index.crates.io-1949cf8c6b5b557f/lalrpop-util-0.19.12/src/lib.rs","edition":"2018","doc":true,"doctest":true,"test":true},"profile":{"opt_level":"3","debuginfo":2,"debug_assertions":false,"overflow_checks":true,"test":false},"features":["default","lexer","regex","std"],"filenames":["/home/runner/work/_temp/microbit-motion-ab-36715551022-1/target-baseline/release/deps/liblalrpop_util-1a8b44e39c3f4dc7.rlib","/home/runner/work/_temp/microbit-motion-ab-36715551022-1/target-baseline/release/deps/liblalrpop_util-1a8b44e39c3f4dc7.rmeta"],"executable":null,"fresh":false}
[1m[92m   Compiling[0m plain v0.2.3
{"reason":"compiler-artifact","package_id":"registry+https://github.com/rust-lang/crates.io-index#plain@0.2.3","manifest_path":"/home/runner/.cargo/registry/src/index.crates.io-1949cf8c6b5b557f/plain-0.2.3/Cargo.toml","target":{"kind":["lib"],"crate_types":["lib"],"name":"plain","src_path":"/home/runner/.cargo/registry/src/index.crates.io-1949cf8c6b5b557f/plain-0.2.3/src/lib.rs","edition":"2015","doc":true,"doctest":true,"test":true},"profile":{"opt_level":"3","debuginfo":2,"debug_assertions":false,"overflow_checks":true,"test":false},"features":[],"filenames":["/home/runner/work/_temp/microbit-motion-ab-36715551022-1/target-baseline/release/deps/libplain-815a0f8c175dc74b.rlib","/home/runner/work/_temp/microbit-motion-ab-36715551022-1/target-baseline/release/deps/libplain-815a0f8c175dc74b.rmeta"],"executable":null,"fresh":false}
[1m[92m   Compiling[0m fallible-iterator v0.3.0
{"reason":"compiler-artifact","package_id":"registry+https://github.com/rust-lang/crates.io-index#clap_lex@1.1.0","manifest_path":"/home/runner/.cargo/registry/src/index.crates.io-1949cf8c6b5b557f/clap_lex-1.1.0/Cargo.toml","target":{"kind":["lib"],"crate_types":["lib"],"name":"clap_lex","src_path":"/home/runner/.cargo/registry/src/index.crates.io-1949cf8c6b5b557f/clap_lex-1.1.0/src/lib.rs","edition":"2024","doc":true,"doctest":true,"test":true},"profile":{"opt_level":"3","debuginfo":2,"debug_assertions":false,"overflow_checks":true,"test":false},"features":[],"filenames":["/home/runner/work/_temp/microbit-motion-ab-36715551022-1/target-baseline/release/deps/libclap_lex-80c492a7cc81594a.rlib","/home/runner/work/_temp/microbit-motion-ab-36715551022-1/target-baseline/release/deps/libclap_lex-80c492a7cc81594a.rmeta"],"executable":null,"fresh":false}
[1m[92m   Compiling[0m strsim v0.11.1
{"reason":"compiler-artifact","package_id":"registry+https://github.com/rust-lang/crates.io-index#fallible-iterator@0.3.0","manifest_path":"/home/runner/.cargo/registry/src/index.crates.io-1949cf8c6b5b557f/fallible-iterator-0.3.0/Cargo.toml","target":{"kind":["lib"],"crate_types":["lib"],"name":"fallible_iterator","src_path":"/home/runner/.cargo/registry/src/index.crates.io-1949cf8c6b5b557f/fallible-iterator-0.3.0/src/lib.rs","edition":"2018","doc":true,"doctest":true,"test":true},"profile":{"opt_level":"3","debuginfo":2,"debug_assertions":false,"overflow_checks":true,"test":false},"features":["alloc","std"],"filenames":["/home/runner/work/_temp/microbit-motion-ab-36715551022-1/target-baseline/release/deps/libfallible_iterator-0aaf156063917804.rlib","/home/runner/work/_temp/microbit-motion-ab-36715551022-1/target-baseline/release/deps/libfallible_iterator-0aaf156063917804.rmeta"],"executable":null,"fresh":false}
[1m[92m   Compiling[0m heck v0.5.0
{"reason":"compiler-artifact","package_id":"registry+https://github.com/rust-lang/crates.io-index#heck@0.5.0","manifest_path":"/home/runner/.cargo/registry/src/index.crates.io-1949cf8c6b5b557f/heck-0.5.0/Cargo.toml","target":{"kind":["lib"],"crate_types":["lib"],"name":"heck","src_path":"/home/runner/.cargo/registry/src/index.crates.io-1949cf8c6b5b557f/heck-0.5.0/src/lib.rs","edition":"2021","doc":true,"doctest":true,"test":true},"profile":{"opt_level":"0","debuginfo":0,"debug_assertions":false,"overflow_checks":true,"test":false},"features":[],"filenames":["/home/runner/work/_temp/microbit-motion-ab-36715551022-1/target-baseline/release/deps/libheck-3f69da1e8da6b4bf.rlib","/home/runner/work/_temp/microbit-motion-ab-36715551022-1/target-baseline/release/deps/libheck-3f69da1e8da6b4bf.rmeta"],"executable":null,"fresh":false}
{"reason":"compiler-artifact","package_id":"registry+https://github.com/rust-lang/crates.io-index#log@0.4.29","manifest_path":"/home/runner/.cargo/registry/src/index.crates.io-1949cf8c6b5b557f/log-0.4.29/Cargo.toml","target":{"kind":["lib"],"crate_types":["lib"],"name":"log","src_path":"/home/runner/.cargo/registry/src/index.crates.io-1949cf8c6b5b557f/log-0.4.29/src/lib.rs","edition":"2021","doc":true,"doctest":true,"test":true},"profile":{"opt_level":"3","debuginfo":2,"debug_assertions":false,"overflow_checks":true,"test":false},"features":[],"filenames":["/home/runner/work/_temp/microbit-motion-ab-36715551022-1/target-baseline/release/deps/liblog-bf24fe0f0d95a1c5.rlib","/home/runner/work/_temp/microbit-motion-ab-36715551022-1/target-baseline/release/deps/liblog-bf24fe0f0d95a1c5.rmeta"],"executable":null,"fresh":false}
[1m[92m   Compiling[0m goblin v0.7.1
{"reason":"compiler-artifact","package_id":"registry+https://github.com/rust-lang/crates.io-index#strsim@0.11.1","manifest_path":"/home/runner/.cargo/registry/src/index.crates.io-1949cf8c6b5b557f/strsim-0.11.1/Cargo.toml","target":{"kind":["lib"],"crate_types":["lib"],"name":"strsim","src_path":"/home/runner/.cargo/registry/src/index.crates.io-1949cf8c6b5b557f/strsim-0.11.1/src/lib.rs","edition":"2015","doc":true,"doctest":true,"test":true},"profile":{"opt_level":"3","debuginfo":2,"debug_assertions":false,"overflow_checks":true,"test":false},"features":[],"filenames":["/home/runner/work/_temp/microbit-motion-ab-36715551022-1/target-baseline/release/deps/libstrsim-b2ba0ca76366c87a.rlib","/home/runner/work/_temp/microbit-motion-ab-36715551022-1/target-baseline/release/deps/libstrsim-b2ba0ca76366c87a.rmeta"],"executable":null,"fresh":false}
[1m[92m   Compiling[0m clap_derive v4.6.1
{"reason":"compiler-artifact","package_id":"registry+https://github.com/rust-lang/crates.io-index#clap_derive@4.6.1","manifest_path":"/home/runner/.cargo/registry/src/index.crates.io-1949cf8c6b5b557f/clap_derive-4.6.1/Cargo.toml","target":{"kind":["proc-macro"],"crate_types":["proc-macro"],"name":"clap_derive","src_path":"/home/runner/.cargo/registry/src/index.crates.io-1949cf8c6b5b557f/clap_derive-4.6.1/src/lib.rs","edition":"2024","doc":true,"doctest":true,"test":true},"profile":{"opt_level":"0","debuginfo":0,"debug_assertions":false,"overflow_checks":true,"test":false},"features":["default"],"filenames":["/home/runner/work/_temp/microbit-motion-ab-36715551022-1/target-baseline/release/deps/libclap_derive-c6be148797a6fe0f.so"],"executable":null,"fresh":false}
[1m[92m   Compiling[0m gimli v0.28.1
{"reason":"build-script-executed","package_id":"registry+https://github.com/rust-lang/crates.io-index#pio-parser@0.2.2","linked_libs":[],"linked_paths":[],"cfgs":[],"env":[],"out_dir":"/home/runner/work/_temp/microbit-motion-ab-36715551022-1/target-baseline/release/build/pio-parser-ab9d889a80de5213/out"}
{"reason":"compiler-artifact","package_id":"registry+https://github.com/rust-lang/crates.io-index#pio-parser@0.2.2","manifest_path":"/home/runner/.cargo/registry/src/index.crates.io-1949cf8c6b5b557f/pio-parser-0.2.2/Cargo.toml","target":{"kind":["lib"],"crate_types":["lib"],"name":"pio_parser","src_path":"/home/runner/.cargo/registry/src/index.crates.io-1949cf8c6b5b557f/pio-parser-0.2.2/src/lib.rs","edition":"2018","doc":true,"doctest":true,"test":true},"profile":{"opt_level":"3","debuginfo":2,"debug_assertions":false,"overflow_checks":true,"test":false},"features":[],"filenames":["/home/runner/work/_temp/microbit-motion-ab-36715551022-1/target-baseline/release/deps/libpio_parser-a8dc2b083b7c17ba.rlib","/home/runner/work/_temp/microbit-motion-ab-36715551022-1/target-baseline/release/deps/libpio_parser-a8dc2b083b7c17ba.rmeta"],"executable":null,"fresh":false}
[1m[92m   Compiling[0m clap_builder v4.6.0
{"reason":"compiler-artifact","package_id":"registry+https://github.com/rust-lang/crates.io-index#gimli@0.28.1","manifest_path":"/home/runner/.cargo/registry/src/index.crates.io-1949cf8c6b5b557f/gimli-0.28.1/Cargo.toml","target":{"kind":["lib"],"crate_types":["lib"],"name":"gimli","src_path":"/home/runner/.cargo/registry/src/index.crates.io-1949cf8c6b5b557f/gimli-0.28.1/src/lib.rs","edition":"2018","doc":true,"doctest":true,"test":true},"profile":{"opt_level":"3","debuginfo":2,"debug_assertions":false,"overflow_checks":true,"test":false},"features":["default","endian-reader","fallible-iterator","read","read-all","read-core","std","write"],"filenames":["/home/runner/work/_temp/microbit-motion-ab-36715551022-1/target-baseline/release/deps/libgimli-86f8303f2cf35066.rlib","/home/runner/work/_temp/microbit-motion-ab-36715551022-1/target-baseline/release/deps/libgimli-86f8303f2cf35066.rmeta"],"executable":null,"fresh":false}
[1m[92m   Compiling[0m p256 v0.13.2
{"reason":"compiler-artifact","package_id":"registry+https://github.com/rust-lang/crates.io-index#p256@0.13.2","manifest_path":"/home/runner/.cargo/registry/src/index.crates.io-1949cf8c6b5b557f/p256-0.13.2/Cargo.toml","target":{"kind":["lib"],"crate_types":["lib"],"name":"p256","src_path":"/home/runner/.cargo/registry/src/index.crates.io-1949cf8c6b5b557f/p256-0.13.2/src/lib.rs","edition":"2021","doc":true,"doctest":true,"test":true},"profile":{"opt_level":"3","debuginfo":2,"debug_assertions":false,"overflow_checks":true,"test":false},"features":["arithmetic","digest","ecdsa","ecdsa-core","sha2","sha256"],"filenames":["/home/runner/work/_temp/microbit-motion-ab-36715551022-1/target-baseline/release/deps/libp256-2dd7775fefb595cb.rlib","/home/runner/work/_temp/microbit-motion-ab-36715551022-1/target-baseline/release/deps/libp256-2dd7775fefb595cb.rmeta"],"executable":null,"fresh":false}
[1m[92m   Compiling[0m object v0.32.2
{"reason":"compiler-artifact","package_id":"registry+https://github.com/rust-lang/crates.io-index#goblin@0.7.1","manifest_path":"/home/runner/.cargo/registry/src/index.crates.io-1949cf8c6b5b557f/goblin-0.7.1/Cargo.toml","target":{"kind":["lib"],"crate_types":["lib"],"name":"goblin","src_path":"/home/runner/.cargo/registry/src/index.crates.io-1949cf8c6b5b557f/goblin-0.7.1/src/lib.rs","edition":"2021","doc":true,"doctest":true,"test":true},"profile":{"opt_level":"3","debuginfo":2,"debug_assertions":false,"overflow_checks":true,"test":false},"features":["alloc","archive","default","elf32","elf64","endian_fd","log","mach32","mach64","pe32","pe64","std"],"filenames":["/home/runner/work/_temp/microbit-motion-ab-36715551022-1/target-baseline/release/deps/libgoblin-a008a5788aeeb08d.rlib","/home/runner/work/_temp/microbit-motion-ab-36715551022-1/target-baseline/release/deps/libgoblin-a008a5788aeeb08d.rmeta"],"executable":null,"fresh":false}
{"reason":"build-script-executed","package_id":"path+file:///home/runner/work/_temp/microbit-motion-ab-36715551022-1/baseline/crates/core#labwired-core@0.25.0","linked_libs":[],"linked_paths":[],"cfgs":[],"env":[],"out_dir":"/home/runner/work/_temp/microbit-motion-ab-36715551022-1/target-baseline/release/build/labwired-core-7b49f71acaa1b2f2/out"}
{"reason":"compiler-artifact","package_id":"registry+https://github.com/rust-lang/crates.io-index#cpp_demangle@0.4.5","manifest_path":"/home/runner/.cargo/registry/src/index.crates.io-1949cf8c6b5b557f/cpp_demangle-0.4.5/Cargo.toml","target":{"kind":["lib"],"crate_types":["lib"],"name":"cpp_demangle","src_path":"/home/runner/.cargo/registry/src/index.crates.io-1949cf8c6b5b557f/cpp_demangle-0.4.5/src/lib.rs","edition":"2018","doc":true,"doctest":true,"test":true},"profile":{"opt_level":"3","debuginfo":2,"debug_assertions":false,"overflow_checks":true,"test":false},"features":["alloc"],"filenames":["/home/runner/work/_temp/microbit-motion-ab-36715551022-1/target-baseline/release/deps/libcpp_demangle-3b1670788e96ae69.rlib","/home/runner/work/_temp/microbit-motion-ab-36715551022-1/target-baseline/release/deps/libcpp_demangle-3b1670788e96ae69.rmeta"],"executable":null,"fresh":false}
{"reason":"compiler-artifact","package_id":"registry+https://github.com/rust-lang/crates.io-index#object@0.32.2","manifest_path":"/home/runner/.cargo/registry/src/index.crates.io-1949cf8c6b5b557f/object-0.32.2/Cargo.toml","target":{"kind":["lib"],"crate_types":["lib"],"name":"object","src_path":"/home/runner/.cargo/registry/src/index.crates.io-1949cf8c6b5b557f/object-0.32.2/src/lib.rs","edition":"2018","doc":true,"doctest":true,"test":true},"profile":{"opt_level":"3","debuginfo":2,"debug_assertions":false,"overflow_checks":true,"test":false},"features":["archive","coff","compression","default","elf","macho","pe","read","read_core","std","unaligned","xcoff"],"filenames":["/home/runner/work/_temp/microbit-motion-ab-36715551022-1/target-baseline/release/deps/libobject-6e08e6d67fe9d89a.rlib","/home/runner/work/_temp/microbit-motion-ab-36715551022-1/target-baseline/release/deps/libobject-6e08e6d67fe9d89a.rmeta"],"executable":null,"fresh":false}
[1m[92m   Compiling[0m memmap2 v0.9.10
{"reason":"compiler-artifact","package_id":"registry+https://github.com/rust-lang/crates.io-index#memmap2@0.9.10","manifest_path":"/home/runner/.cargo/registry/src/index.crates.io-1949cf8c6b5b557f/memmap2-0.9.10/Cargo.toml","target":{"kind":["lib"],"crate_types":["lib"],"name":"memmap2","src_path":"/home/runner/.cargo/registry/src/index.crates.io-1949cf8c6b5b557f/memmap2-0.9.10/src/lib.rs","edition":"2021","doc":true,"doctest":true,"test":true},"profile":{"opt_level":"3","debuginfo":2,"debug_assertions":false,"overflow_checks":true,"test":false},"features":[],"filenames":["/home/runner/work/_temp/microbit-motion-ab-36715551022-1/target-baseline/release/deps/libmemmap2-487936be02487f94.rlib","/home/runner/work/_temp/microbit-motion-ab-36715551022-1/target-baseline/release/deps/libmemmap2-487936be02487f94.rmeta"],"executable":null,"fresh":false}
[1m[92m   Compiling[0m memmap2 v0.5.10
{"reason":"compiler-artifact","package_id":"registry+https://github.com/rust-lang/crates.io-index#memmap2@0.5.10","manifest_path":"/home/runner/.cargo/registry/src/index.crates.io-1949cf8c6b5b557f/memmap2-0.5.10/Cargo.toml","target":{"kind":["lib"],"crate_types":["lib"],"name":"memmap2","src_path":"/home/runner/.cargo/registry/src/index.crates.io-1949cf8c6b5b557f/memmap2-0.5.10/src/lib.rs","edition":"2018","doc":true,"doctest":true,"test":true},"profile":{"opt_level":"3","debuginfo":2,"debug_assertions":false,"overflow_checks":true,"test":false},"features":[],"filenames":["/home/runner/work/_temp/microbit-motion-ab-36715551022-1/target-baseline/release/deps/libmemmap2-9b8e5f32584d69d1.rlib","/home/runner/work/_temp/microbit-motion-ab-36715551022-1/target-baseline/release/deps/libmemmap2-9b8e5f32584d69d1.rmeta"],"executable":null,"fresh":false}
[1m[92m   Compiling[0m svd-rs v0.14.12
{"reason":"compiler-artifact","package_id":"registry+https://github.com/rust-lang/crates.io-index#libm@0.2.16","manifest_path":"/home/runner/.cargo/registry/src/index.crates.io-1949cf8c6b5b557f/libm-0.2.16/Cargo.toml","target":{"kind":["lib"],"crate_types":["lib"],"name":"libm","src_path":"/home/runner/.cargo/registry/src/index.crates.io-1949cf8c6b5b557f/libm-0.2.16/src/lib.rs","edition":"2021","doc":true,"doctest":true,"test":true},"profile":{"opt_level":"3","debuginfo":2,"debug_assertions":false,"overflow_checks":true,"test":false},"features":["arch","default"],"filenames":["/home/runner/work/_temp/microbit-motion-ab-36715551022-1/target-baseline/release/deps/liblibm-a96c77e8738af9dc.rlib","/home/runner/work/_temp/microbit-motion-ab-36715551022-1/target-baseline/release/deps/liblibm-a96c77e8738af9dc.rmeta"],"executable":null,"fresh":false}
[1m[92m   Compiling[0m bincode v1.3.3
{"reason":"compiler-artifact","package_id":"registry+https://github.com/rust-lang/crates.io-index#clap_builder@4.6.0","manifest_path":"/home/runner/.cargo/registry/src/index.crates.io-1949cf8c6b5b557f/clap_builder-4.6.0/Cargo.toml","target":{"kind":["lib"],"crate_types":["lib"],"name":"clap_builder","src_path":"/home/runner/.cargo/registry/src/index.crates.io-1949cf8c6b5b557f/clap_builder-4.6.0/src/lib.rs","edition":"2024","doc":true,"doctest":true,"test":true},"profile":{"opt_level":"3","debuginfo":2,"debug_assertions":false,"overflow_checks":true,"test":false},"features":["color","error-context","help","std","suggestions","usage"],"filenames":["/home/runner/work/_temp/microbit-motion-ab-36715551022-1/target-baseline/release/deps/libclap_builder-8e516c92984ab5f4.rlib","/home/runner/work/_temp/microbit-motion-ab-36715551022-1/target-baseline/release/deps/libclap_builder-8e516c92984ab5f4.rmeta"],"executable":null,"fresh":false}
[1m[92m   Compiling[0m labwired-hw-trace v0.25.0 (/home/runner/work/_temp/microbit-motion-ab-36715551022-1/baseline/crates/hw-trace)
{"reason":"compiler-artifact","package_id":"registry+https://github.com/rust-lang/crates.io-index#bincode@1.3.3","manifest_path":"/home/runner/.cargo/registry/src/index.crates.io-1949cf8c6b5b557f/bincode-1.3.3/Cargo.toml","target":{"kind":["lib"],"crate_types":["lib"],"name":"bincode","src_path":"/home/runner/.cargo/registry/src/index.crates.io-1949cf8c6b5b557f/bincode-1.3.3/src/lib.rs","edition":"2015","doc":true,"doctest":true,"test":true},"profile":{"opt_level":"3","debuginfo":2,"debug_assertions":false,"overflow_checks":true,"test":false},"features":[],"filenames":["/home/runner/work/_temp/microbit-motion-ab-36715551022-1/target-baseline/release/deps/libbincode-2e112297388d9430.rlib","/home/runner/work/_temp/microbit-motion-ab-36715551022-1/target-baseline/release/deps/libbincode-2e112297388d9430.rmeta"],"executable":null,"fresh":false}
[1m[92m   Compiling[0m roxmltree v0.20.0
{"reason":"compiler-artifact","package_id":"path+file:///home/runner/work/_temp/microbit-motion-ab-36715551022-1/baseline/crates/hw-trace#labwired-hw-trace@0.25.0","manifest_path":"/home/runner/work/_temp/microbit-motion-ab-36715551022-1/baseline/crates/hw-trace/Cargo.toml","target":{"kind":["lib"],"crate_types":["lib"],"name":"labwired_hw_trace","src_path":"/home/runner/work/_temp/microbit-motion-ab-36715551022-1/baseline/crates/hw-trace/src/lib.rs","edition":"2021","doc":true,"doctest":true,"test":true},"profile":{"opt_level":"3","debuginfo":2,"debug_assertions":false,"overflow_checks":true,"test":false},"features":[],"filenames":["/home/runner/work/_temp/microbit-motion-ab-36715551022-1/target-baseline/release/deps/liblabwired_hw_trace-3d77959ca52f98f6.rlib","/home/runner/work/_temp/microbit-motion-ab-36715551022-1/target-baseline/release/deps/liblabwired_hw_trace-3d77959ca52f98f6.rmeta"],"executable":null,"fresh":false}
{"reason":"compiler-artifact","package_id":"registry+https://github.com/rust-lang/crates.io-index#smallvec@1.15.1","manifest_path":"/home/runner/.cargo/registry/src/index.crates.io-1949cf8c6b5b557f/smallvec-1.15.1/Cargo.toml","target":{"kind":["lib"],"crate_types":["lib"],"name":"smallvec","src_path":"/home/runner/.cargo/registry/src/index.crates.io-1949cf8c6b5b557f/smallvec-1.15.1/src/lib.rs","edition":"2018","doc":true,"doctest":true,"test":true},"profile":{"opt_level":"3","debuginfo":2,"debug_assertions":false,"overflow_checks":true,"test":false},"features":[],"filenames":["/home/runner/work/_temp/microbit-motion-ab-36715551022-1/target-baseline/release/deps/libsmallvec-8d7a9adc51910c8b.rlib","/home/runner/work/_temp/microbit-motion-ab-36715551022-1/target-baseline/release/deps/libsmallvec-8d7a9adc51910c8b.rmeta"],"executable":null,"fresh":false}
[1m[92m   Compiling[0m rustc-demangle v0.1.27
{"reason":"compiler-artifact","package_id":"registry+https://github.com/rust-lang/crates.io-index#svd-rs@0.14.12","manifest_path":"/home/runner/.cargo/registry/src/index.crates.io-1949cf8c6b5b557f/svd-rs-0.14.12/Cargo.toml","target":{"kind":["lib"],"crate_types":["lib"],"name":"svd_rs","src_path":"/home/runner/.cargo/registry/src/index.crates.io-1949cf8c6b5b557f/svd-rs-0.14.12/src/lib.rs","edition":"2021","doc":true,"doctest":true,"test":true},"profile":{"opt_level":"3","debuginfo":2,"debug_assertions":false,"overflow_checks":true,"test":false},"features":[],"filenames":["/home/runner/work/_temp/microbit-motion-ab-36715551022-1/target-baseline/release/deps/libsvd_rs-61fe73376a8cda1d.rlib","/home/runner/work/_temp/microbit-motion-ab-36715551022-1/target-baseline/release/deps/libsvd_rs-61fe73376a8cda1d.rmeta"],"executable":null,"fresh":false}
[1m[92m   Compiling[0m nrf-softdevice-hle v0.25.0 (/home/runner/work/_temp/microbit-motion-ab-36715551022-1/baseline/crates/nrf-softdevice-hle)
{"reason":"compiler-artifact","package_id":"registry+https://github.com/rust-lang/crates.io-index#rustc-demangle@0.1.27","manifest_path":"/home/runner/.cargo/registry/src/index.crates.io-1949cf8c6b5b557f/rustc-demangle-0.1.27/Cargo.toml","target":{"kind":["lib"],"crate_types":["lib"],"name":"rustc_demangle","src_path":"/home/runner/.cargo/registry/src/index.crates.io-1949cf8c6b5b557f/rustc-demangle-0.1.27/src/lib.rs","edition":"2015","doc":true,"doctest":true,"test":true},"profile":{"opt_level":"3","debuginfo":2,"debug_assertions":false,"overflow_checks":true,"test":false},"features":[],"filenames":["/home/runner/work/_temp/microbit-motion-ab-36715551022-1/target-baseline/release/deps/librustc_demangle-63d9c622491280b6.rlib","/home/runner/work/_temp/microbit-motion-ab-36715551022-1/target-baseline/release/deps/librustc_demangle-63d9c622491280b6.rmeta"],"executable":null,"fresh":false}
[1m[92m   Compiling[0m bitflags v2.11.1
{"reason":"compiler-artifact","package_id":"registry+https://github.com/rust-lang/crates.io-index#bitflags@2.11.1","manifest_path":"/home/runner/.cargo/registry/src/index.crates.io-1949cf8c6b5b557f/bitflags-2.11.1/Cargo.toml","target":{"kind":["lib"],"crate_types":["lib"],"name":"bitflags","src_path":"/home/runner/.cargo/registry/src/index.crates.io-1949cf8c6b5b557f/bitflags-2.11.1/src/lib.rs","edition":"2021","doc":true,"doctest":true,"test":true},"profile":{"opt_level":"3","debuginfo":2,"debug_assertions":false,"overflow_checks":true,"test":false},"features":[],"filenames":["/home/runner/work/_temp/microbit-motion-ab-36715551022-1/target-baseline/release/deps/libbitflags-9bcacd74719257eb.rlib","/home/runner/work/_temp/microbit-motion-ab-36715551022-1/target-baseline/release/deps/libbitflags-9bcacd74719257eb.rmeta"],"executable":null,"fresh":false}
{"reason":"compiler-artifact","package_id":"registry+https://github.com/rust-lang/crates.io-index#roxmltree@0.20.0","manifest_path":"/home/runner/.cargo/registry/src/index.crates.io-1949cf8c6b5b557f/roxmltree-0.20.0/Cargo.toml","target":{"kind":["lib"],"crate_types":["lib"],"name":"roxmltree","src_path":"/home/runner/.cargo/registry/src/index.crates.io-1949cf8c6b5b557f/roxmltree-0.20.0/src/lib.rs","edition":"2021","doc":true,"doctest":true,"test":true},"profile":{"opt_level":"3","debuginfo":2,"debug_assertions":false,"overflow_checks":true,"test":false},"features":["default","positions","std"],"filenames":["/home/runner/work/_temp/microbit-motion-ab-36715551022-1/target-baseline/release/deps/libroxmltree-6af479506667a086.rlib","/home/runner/work/_temp/microbit-motion-ab-36715551022-1/target-baseline/release/deps/libroxmltree-6af479506667a086.rmeta"],"executable":null,"fresh":false}
[1m[92m   Compiling[0m addr2line v0.21.0
{"reason":"compiler-artifact","package_id":"path+file:///home/runner/work/_temp/microbit-motion-ab-36715551022-1/baseline/crates/nrf-softdevice-hle#0.25.0","manifest_path":"/home/runner/work/_temp/microbit-motion-ab-36715551022-1/baseline/crates/nrf-softdevice-hle/Cargo.toml","target":{"kind":["lib"],"crate_types":["lib"],"name":"nrf_softdevice_hle","src_path":"/home/runner/work/_temp/microbit-motion-ab-36715551022-1/baseline/crates/nrf-softdevice-hle/src/lib.rs","edition":"2021","doc":true,"doctest":true,"test":true},"profile":{"opt_level":"3","debuginfo":2,"debug_assertions":false,"overflow_checks":true,"test":false},"features":["default"],"filenames":["/home/runner/work/_temp/microbit-motion-ab-36715551022-1/target-baseline/release/deps/libnrf_softdevice_hle-de849f39ce00744d.rlib","/home/runner/work/_temp/microbit-motion-ab-36715551022-1/target-baseline/release/deps/libnrf_softdevice_hle-de849f39ce00744d.rmeta"],"executable":null,"fresh":false}
[1m[92m   Compiling[0m svd-parser v0.14.9
{"reason":"compiler-artifact","package_id":"registry+https://github.com/rust-lang/crates.io-index#addr2line@0.21.0","manifest_path":"/home/runner/.cargo/registry/src/index.crates.io-1949cf8c6b5b557f/addr2line-0.21.0/Cargo.toml","target":{"kind":["lib"],"crate_types":["lib"],"name":"addr2line","src_path":"/home/runner/.cargo/registry/src/index.crates.io-1949cf8c6b5b557f/addr2line-0.21.0/src/lib.rs","edition":"2018","doc":true,"doctest":true,"test":true},"profile":{"opt_level":"3","debuginfo":2,"debug_assertions":false,"overflow_checks":true,"test":false},"features":["cpp_demangle","default","fallible-iterator","memmap2","object","rustc-demangle","smallvec","std","std-object"],"filenames":["/home/runner/work/_temp/microbit-motion-ab-36715551022-1/target-baseline/release/deps/libaddr2line-fa5d40e53496401a.rlib","/home/runner/work/_temp/microbit-motion-ab-36715551022-1/target-baseline/release/deps/libaddr2line-fa5d40e53496401a.rmeta"],"executable":null,"fresh":false}
[1m[92m   Compiling[0m clap v4.6.1
{"reason":"compiler-artifact","package_id":"registry+https://github.com/rust-lang/crates.io-index#clap@4.6.1","manifest_path":"/home/runner/.cargo/registry/src/index.crates.io-1949cf8c6b5b557f/clap-4.6.1/Cargo.toml","target":{"kind":["lib"],"crate_types":["lib"],"name":"clap","src_path":"/home/runner/.cargo/registry/src/index.crates.io-1949cf8c6b5b557f/clap-4.6.1/src/lib.rs","edition":"2024","doc":true,"doctest":true,"test":true},"profile":{"opt_level":"3","debuginfo":2,"debug_assertions":false,"overflow_checks":true,"test":false},"features":["color","default","derive","error-context","help","std","suggestions","usage"],"filenames":["/home/runner/work/_temp/microbit-motion-ab-36715551022-1/target-baseline/release/deps/libclap-11302dfac0ead60d.rlib","/home/runner/work/_temp/microbit-motion-ab-36715551022-1/target-baseline/release/deps/libclap-11302dfac0ead60d.rmeta"],"executable":null,"fresh":false}
[1m[92m   Compiling[0m svd-ingestor v0.25.0 (/home/runner/work/_temp/microbit-motion-ab-36715551022-1/baseline/crates/svd-ingestor)
{"reason":"compiler-artifact","package_id":"registry+https://github.com/rust-lang/crates.io-index#svd-parser@0.14.9","manifest_path":"/home/runner/.cargo/registry/src/index.crates.io-1949cf8c6b5b557f/svd-parser-0.14.9/Cargo.toml","target":{"kind":["lib"],"crate_types":["lib"],"name":"svd_parser","src_path":"/home/runner/.cargo/registry/src/index.crates.io-1949cf8c6b5b557f/svd-parser-0.14.9/src/lib.rs","edition":"2021","doc":true,"doctest":true,"test":true},"profile":{"opt_level":"3","debuginfo":2,"debug_assertions":false,"overflow_checks":true,"test":false},"features":[],"filenames":["/home/runner/work/_temp/microbit-motion-ab-36715551022-1/target-baseline/release/deps/libsvd_parser-4edbe6f677815560.rlib","/home/runner/work/_temp/microbit-motion-ab-36715551022-1/target-baseline/release/deps/libsvd_parser-4edbe6f677815560.rmeta"],"executable":null,"fresh":false}
{"reason":"compiler-artifact","package_id":"path+file:///home/runner/work/_temp/microbit-motion-ab-36715551022-1/baseline/crates/svd-ingestor#0.25.0","manifest_path":"/home/runner/work/_temp/microbit-motion-ab-36715551022-1/baseline/crates/svd-ingestor/Cargo.toml","target":{"kind":["lib"],"crate_types":["lib"],"name":"svd_ingestor","src_path":"/home/runner/work/_temp/microbit-motion-ab-36715551022-1/baseline/crates/svd-ingestor/src/lib.rs","edition":"2021","doc":true,"doctest":true,"test":true},"profile":{"opt_level":"3","debuginfo":2,"debug_assertions":false,"overflow_checks":true,"test":false},"features":[],"filenames":["/home/runner/work/_temp/microbit-motion-ab-36715551022-1/target-baseline/release/deps/libsvd_ingestor-1f07d561304f3743.rlib","/home/runner/work/_temp/microbit-motion-ab-36715551022-1/target-baseline/release/deps/libsvd_ingestor-1f07d561304f3743.rmeta"],"executable":null,"fresh":false}
{"reason":"compiler-artifact","package_id":"path+file:///home/runner/work/_temp/microbit-motion-ab-36715551022-1/baseline/crates/config#labwired-config@0.25.0","manifest_path":"/home/runner/work/_temp/microbit-motion-ab-36715551022-1/baseline/crates/config/Cargo.toml","target":{"kind":["lib"],"crate_types":["lib"],"name":"labwired_config","src_path":"/home/runner/work/_temp/microbit-motion-ab-36715551022-1/baseline/crates/config/src/lib.rs","edition":"2021","doc":true,"doctest":true,"test":true},"profile":{"opt_level":"3","debuginfo":2,"debug_assertions":false,"overflow_checks":true,"test":false},"features":[],"filenames":["/home/runner/work/_temp/microbit-motion-ab-36715551022-1/target-baseline/release/deps/liblabwired_config-30d27e6859e45092.rlib","/home/runner/work/_temp/microbit-motion-ab-36715551022-1/target-baseline/release/deps/liblabwired_config-30d27e6859e45092.rmeta"],"executable":null,"fresh":false}
[1m[92m   Compiling[0m labwired-loader v0.25.0 (/home/runner/work/_temp/microbit-motion-ab-36715551022-1/baseline/crates/loader)
{"reason":"compiler-artifact","package_id":"path+file:///home/runner/work/_temp/microbit-motion-ab-36715551022-1/baseline/crates/loader#labwired-loader@0.25.0","manifest_path":"/home/runner/work/_temp/microbit-motion-ab-36715551022-1/baseline/crates/loader/Cargo.toml","target":{"kind":["lib"],"crate_types":["lib"],"name":"labwired_loader","src_path":"/home/runner/work/_temp/microbit-motion-ab-36715551022-1/baseline/crates/loader/src/lib.rs","edition":"2021","doc":true,"doctest":true,"test":true},"profile":{"opt_level":"3","debuginfo":2,"debug_assertions":false,"overflow_checks":true,"test":false},"features":[],"filenames":["/home/runner/work/_temp/microbit-motion-ab-36715551022-1/target-baseline/release/deps/liblabwired_loader-51b237edd4ec3dc5.rlib","/home/runner/work/_temp/microbit-motion-ab-36715551022-1/target-baseline/release/deps/liblabwired_loader-51b237edd4ec3dc5.rmeta"],"executable":null,"fresh":false}
{"reason":"compiler-artifact","package_id":"path+file:///home/runner/work/_temp/microbit-motion-ab-36715551022-1/baseline/crates/core#labwired-core@0.25.0","manifest_path":"/home/runner/work/_temp/microbit-motion-ab-36715551022-1/baseline/crates/core/Cargo.toml","target":{"kind":["lib"],"crate_types":["lib"],"name":"labwired_core","src_path":"/home/runner/work/_temp/microbit-motion-ab-36715551022-1/baseline/crates/core/src/lib.rs","edition":"2021","doc":true,"doctest":true,"test":true},"profile":{"opt_level":"3","debuginfo":2,"debug_assertions":false,"overflow_checks":true,"test":false},"features":["default","event-scheduler","microbit-board-io-test"],"filenames":["/home/runner/work/_temp/microbit-motion-ab-36715551022-1/target-baseline/release/deps/liblabwired_core-b3428e436f8044f9.rlib","/home/runner/work/_temp/microbit-motion-ab-36715551022-1/target-baseline/release/deps/liblabwired_core-b3428e436f8044f9.rmeta"],"executable":null,"fresh":false}
{"reason":"compiler-artifact","package_id":"path+file:///home/runner/work/_temp/microbit-motion-ab-36715551022-1/baseline/crates/core#labwired-core@0.25.0","manifest_path":"/home/runner/work/_temp/microbit-motion-ab-36715551022-1/baseline/crates/core/Cargo.toml","target":{"kind":["test"],"crate_types":["bin"],"name":"microbit_v2_motion_io_guest","src_path":"/home/runner/work/_temp/microbit-motion-ab-36715551022-1/baseline/crates/core/tests/microbit_v2_motion_io_guest.rs","edition":"2021","required-features":["microbit-board-io-test"],"doc":false,"doctest":false,"test":true},"profile":{"opt_level":"3","debuginfo":2,"debug_assertions":false,"overflow_checks":true,"test":true},"features":["default","event-scheduler","microbit-board-io-test"],"filenames":["/home/runner/work/_temp/microbit-motion-ab-36715551022-1/target-baseline/release/deps/microbit_v2_motion_io_guest-c71e3fb813497fcc"],"executable":"/home/runner/work/_temp/microbit-motion-ab-36715551022-1/target-baseline/release/deps/microbit_v2_motion_io_guest-c71e3fb813497fcc","fresh":false}
{"reason":"build-finished","success":true}
[1m[92m    Finished[0m `release` profile [optimized + debuginfo] target(s) in 2m 11s
